ISSN,T�tulo,Estrato
1415-8973,A COR DAS LETRAS (UEFS),B4
1982-5560,A REVISTA CRONOS,B5
2358-5587,ACENO - REVISTA DE ANTROPOLOGIA DO CENTRO-OESTE,B3
2237-8723,ACERVO,B3
2237-8723,ACERVO: REVISTA DO ARQUIVO NACIONAL,B3
2319-0698,ACESSO LIVRE,B4
0044-5967,ACTA AMAZONICA (IMPRESSO),B2
2177-4307,ACTA GEOGRAFICA,B4
2317-8957,ACTA SCIENTIAE ET TECHNICAE,B5
2178-5201,ACTA SCIENTIARUM. EDUCATION (ONLINE),B2
2178-5198,ACTA SCIENTIARUM. EDUCATION (PRINT),B2
1807-8656,ACTA SCIENTIARUM. HUMAN AND SOCIAL SCIENCES,B3
2163-9353,ADVANCES IN ANTHROPOLOGY,B2
1518-3769,ADVIR (ASDUERJ),B4
1984-5634,AEDOS: REVISTA DO CORPO DISCENTE DO PROGRAMA DE P�S-GRADUA��O EM HIST�RIA DA UFRGS (ONLINE),B3
1752-864X,AFRICAN AND BLACK DIASPORA,B2
0263-0338,AFRICAN ARCHAEOLOGICAL REVIEW,B1
1991-637X,AFRICAN JOURNAL OF AGRICULTURAL RESEARCH,B3
0874-2375,AFRICANA STUDIA,B3
1981-1411,AFROASIA,B1
0002-0591,AFRO-�SIA (UFBA. IMPRESSO),B1
1130-3557,AGALIA (A CORUNHA),B3
2277-9760,AGRARIAN SOUTH: JOURNAL OF POLITICAL ECONOMY,B4
1459-6067,AGRICULTURAL AND FOOD SCIENCE (PRINT),B3
1519-1060,AGROECOLOGIA E DESENVOLVIMENTO RURAL SUSTENT�VEL,B4
2340-8472,AGUA Y TERRITORIO,B3
1090-7165,AIDS AND BEHAVIOR,B3
1518-8728,ALCEU (PUCRJ),B3
1518-8728,ALCEU(PUCRJ),B3
2447-9837,�LTERA REVISTA DE ANTROPOLOGIA,B4
0188-7017,ALTERIDADES (EL PARQUE),B1
2168-8451,ALTERNATIVAS - LATIN AMERICAN CULTURAL STUDIES JOURNAL,B5
2177-9074,AMAN-TI-KYR,B5
1984-6215,"AMAZONICA, REVISTA DE ANTROPOLOGIA",B1
2176-0675,AMAZ�NICA REVISTA DE ANTROPOLOGIA,B1
1984-6215,AMAZ�NICA: REVISTA DE ANTROPOLOGIA (IMPRESSO),B1
2176-0675,AMAZ�NICA: REVISTA DE ANTROPOLOGIA (ONLINE),B1
1809-4422,AMBIENTE & SOCIEDADE (ONLINE),B1
1414-753X,AMBIENTE E SOCIEDADE (CAMPINAS),B1
1575-2100,�MBITOS: REVISTA DE ESTUDIOS DE CIENCIAS SOCIALES Y HUMANIDADES,B3
2318-3888,AMBIVAL�NCIAS,B3
0002-7294,AMERICAN ANTHROPOLOGIST,A1
0094-0496,AMERICAN ETHNOLOGIST,A1
0095-182X,AMERICAN INDIAN QUARTERLY (PRINT),B3
0002-9483,AMERICAN JOURNAL OF PHYSICAL ANTHROPOLOGY,A2
2174-0178,AMERICAN�A: REVISTA DE ESTUDIOS LATINOAMERICANOS,B4
0001-3765,ANAIS DA ACADEMIA BRASILEIRA DE CI�NCIAS,A2
0001-3765,ANAIS DA ACADEMIA BRASILEIRA DE CI�NCIAS (IMPRESSO),A2
1678-2690,ANAIS DA ACADEMIA BRASILEIRA DE CI�NCIAS (ONLINE),A2
0874-9671,ANAIS DE HIST�RIA DE AL�M-MAR,B2
1413-1803,ANAIS DO MUSEU HIST�RICO NACIONAL,B4
1982-0267,ANAIS DO MUSEU PAULISTA,B1
0101-4714,"ANAIS DO MUSEU PAULISTA: HIST�RIA, CULTURA E MATERIAL (IMPRESSO)",B1
0328-9796,ANALES DEL INSTITUTO DE ARTE AMERICANO E INVESTIGACIONES EST�TICAS,B3
0003-2573,AN�LISE SOCIAL,B1
2182-2999,AN�LISE SOCIAL,B1
2182-2999,AN�LISE SOCIAL - REVISTA DO INSTITUTO DE CI�NCIAS SOCIAIS DA UNIVERSIDADE DE LISBOA,B1
0121-4705,AN�LISIS POL�TICO (BOGOT�),B3
0910-6340,ANALYTICAL SCIENCES,B3
1870-0063,ANDAMIOS -REVISTA DE INVESTIGACI�N SOCIAL,B1
1138-347X,ANKULEGI (DONOSTIA),B2
2077-0820,ANNALES D'�THIOPIE,B2
0301-4460,ANNALS OF HUMAN BIOLOGY,B2
0084-6570,ANNUAL REVIEW OF ANTHROPOLOGY (PRINT),A1
1984-4921,ANTARES: LETRAS E HUMANIDADES,B2
2317-0824,ANTHESIS,B4
0003-5459,ANTHROPOLOGICA,B1
0066-4677,ANTHROPOLOGICAL FORUM: A JOURNAL OF SOCIAL ANTHROPOLOGY AND COMPARATIVE SOCIOLOGY,B2
1463-4996,ANTHROPOLOGICAL THEORY,A2
0702-8997,ANTHROPOLOGIE ET SOCI�T�S,A2
1559-6680,ANTHROPOLOGY & AGING QUARTERLY,B2
1053-4202,ANTHROPOLOGY OF CONSCIOUSNESS,A2
1609-9168,ANTHROPOLOGY OF FOOD,B1
0257-9774,ANTHROPOS (FRIBOURG),A1
0761-3032,ANTHROPOZOOLOGICA,B1
0250-7005,ANTICANCER RESEARCH,B4
2314-3908,ANTIGUOS JESUITAS EN IBEROAM�RICA,B3
0003-598X,ANTIQUITY (CAMBRIDGE),A1
1984-3356,ANT�TESES (LONDRINA),B1
2183-1386,ANTROPE,B4
2179-7331,ANTROPOL�TICA: REVISTA CONTEMPOR�NEA DE ANTROPOLOGIA,A2
1414-7378,ANTROPOL�TICA (UFF),A2
1677-7174,ANTROPOLOGIA EM PRIMEIRA M�O,B4
0870-0990,ANTROPOLOGIA PORTUGUESA,B3
1510-3846,ANUARIO ANTROPOLOGI?A SOCIAL Y CULTURAL EN URUGUAY,B3
1510-3846,ANU�RIO ANTROPOLOGIA SOCIAL Y CULTURAL EN URUGUAY,B3
0102-4302,ANU�RIO ANTROPOL�GICO,A2
1983-7364,ANU�RIO BRASILEIRO DE SEGURAN�A P�BLICA,B5
2175-7917,ANU�RIO DE LITERATURA,B3
0099-2240,APPLIED AND ENVIRONMENTAL MICROBIOLOGY (PRINT),A2
0169-1317,APPLIED CLAY SCIENCE (PRINT),B1
0947-8396,"APPLIED PHYSICS. A, MATERIALS SCIENCE & PROCESSING (PRINT)",B1
0969-8043,APPLIED RADIATION AND ISOTOPES,B1
0329-2142,APUNTES DE INVESTIGACI�N DEL CECYP,B2
2358-2472,ARAC� � DIREITOS HUMANOS EM REVISTA,B4
1555-8622,ARCHAEOLOGIES,A1
1429-7507,ARCHITECTUS,B4
0335-5985,ARCHIVES DE SCIENCES SOCIALES DES RELIGIONS,B3
1643-8698,ARCHIVES OF BUDO,B5
2455-2283,ARCHIVES OF CLINICAL GASTROENTEROLOGY,B5
0003-9969,ARCHIVES OF ORAL BIOLOGY,B2
1984-5596,ARCOS DESIGN (ONLINE),B5
1982-2251,�REAS PROTEGIDAS E INCLUS�O SOCIAL,C 
1519-0854,ARGUMENTO (JUNDIA�),B5
0103-9253,ARI�S: REVISTA DE CI�NCIAS HUMANAS E ARTES (UFCG),B4
2174-856X,ARKEOGAZTE,B3
1989-4104,ARQUEOLOG�A IBEROAMERICANA,B3
1989-4104,ARQUEOLOG�A IBEROAMERICANA.,B3
1989-4104,ARQUEOLOG�A IBEROAMERICANA.,B3
0066-7870,ARQUIVOS DE ZOOLOGIA,B5
2318-5422,ARQUIVOS DO CMD,B4
0102-4272,ARQUIVOS DO MUSEU DE HISTORIA NATURAL,B3
1984-3852,ARTEFACTUM (RIO DE JANEIRO),B4
2525-8303,ARTICULANDO E CONSTRUINDO SABERES,B4
2358-0437,ART&SENSORIUM,B5
2014-3885,ARXIU D'ETNOGRAFIA DE CATALUNYA.,B3
1444-2213,ASIA PACIFIC JOURNAL OF ANTHROPOLOGY,B1
2238-3069,�SKESIS - REVISTA DOS DISCENTES DO PROGRAMA DE P�S GRADUA��O EM SOCIOLOGIA DA UFSCAR,B4
2117-3869,ATELIERS D'ANTHROPOLOGIE,B3
0021-9150,ATHEROSCLEROSIS (AMSTERDAM),B1
2347-0135,AURA. REVISTA DE HISTORIA Y TEOR�A DEL ARTE,B4
2151-7290,AUTO/BIOGRAPHY STUDIES,B5
1851-1694,AVA,B1
1515-2413,AV� (POSADAS),B1
2316-6185,BAGOAS - ESTUDOS GAYS: G�NEROS E SEXUALIDADES,B3
1982-0518,BAGOAS : REVISTA DE ESTUDOS GAYS,B3
0103-8117,BAHIA ANALISE & DADOS,B4
2525-295X,BAHIA COM HIST�RIA,B5
1414-6339,BENJAMIN CONSTANT (RIO DE JANEIRO),B5
1516-8085,BIB. REVISTA BRASILEIRA DE INFORMA��O BIBLIOGR�FICA EM CI�NCIAS SOCIAIS,B4
0100-199X,BIB REVISTA BRASILEIRA DE INFORMACAO BIBLIOGRAFICA EM CIENCIAS SOCIAIS,B4
0718-1132,BIFURCACIONES - REVISTA DE ESTUDIOS CULTURALES URBANOS,B4
1981-8254,BIOETHIK�S (CENTRO UNIVERSIT�RIO S�O CAMILO),B5
1810-6285,BIOGEOSCIENCES DISCUSSION (ONLINE),B3
1177-9322,BIOINFORMATICS AND BIOLOGY INSIGHTS,B4
0973-2063,BIOINFORMATION (ONLINE) (CHENNAI),B5
0973-8894,BIOINFORMATION PRINT,B5
2314-6133,BIOMED RESEARCH INTERNATIONAL,B4
1745-8552,BIOSOCIETIES (PRINT),B1
1079-9796,"BLOOD CELLS, MOLECULES & DISEASES",B5
1471-230X,BMC GASTROENTEROLOGY (ONLINE),B3
1471-2474,BMC MUSCULOSKELETAL DISORDERS (ONLINE),B3
1471-244X,BMC PSYCHIATRY (ONLINE),B1
1471-2458,BMC PUBLIC HEALTH (ONLINE),B1
1756-0500,BMC RESEARCH NOTES,B4
1472-6874,BMC WOMEN'S HEALTH (ONLINE),B3
1980-4504,BOITAT�,B5
1809-6042,BOLETIM - MUSEU HIST�RICO DE JATA�,C 
1516-1781,BOLETIM DA COMISS�O MARANHENSE DE FOLCLORE,B4
2237-6208,BOLETIM DE AN�LISE POL�TICO-INSTITUCIONAL,B5
2358-8241,BOLETIM DE GEOGRAFIA DO VALE DO S�O FRANCISCO,B5
0046-9939,BOLETIM DO INSTITUTO DE PESCA (IMPRESSO),B3
0103-9121,BOLETIM DO MUSEU DE BIOLOGIA MELLO LEITAO,B4
0374-6380,BOLETIM DO MUSEU PARAENSE EMILIO GOELDI,A2
0522-7291,BOLETIM DO MUSEU PARAENSE EMILIO GOELDI. ANTROPOLOGIA,A2
1981-8122,BOLETIM DO MUSEU PARAENSE EM�LIO GOELDI. CI�NCIAS HUMANAS,A1
2178-2547,BOLETIM DO MUSEU PARAENSE EM�LIO GOELDI. S�RIE CI�NCIAS HUMANAS,A1
1981-3384,BOLETIM DO TEMPO PRESENTE,B4
1676-3661,BOLETIM IBCCRIM,C 
2358-534X,BOLETIM INFORMATIVO DO MUSEU DE ARQUEOLOGIA E ETNOLOGIA DA UNIVERSIDADE FEDERAL DA BAHIA,C 
1017-4346,BOLET�N - SOCIEDAD DE INVESTIGACI�N DEL ARTE RUPESTRE DE BOLIVIA,B5
0520-4100,BOLETIN AMERICANISTA,B3
2007-2414,BOLET�N COLEGIO DE ETN�LOGOS Y ANTROP�LOGOS SOCIALES,B4
0006-6184,BOLETIN CULTURAL Y BIBLIOGRAFICO,C 
0252-841X,BOLET�N DE ANTROPOLOG�A AMERICANA,B1
1134-6094,BOLET�N DE LA SEA,B4
2245-4373,BRASILIANA : JOURNAL FOR BRAZILIAN STUDIES,B2
2199-7594,BRASILICUM,C 
1806-4760,BRAZILIAN DENTAL JOURNAL,B3
2237-261X,"BRAZILIAN JOURNAL OF FORENSIC SCIENCES, MEDICAL LAW AND BIOETHICS",B5
2317-3386,BRAZILIAN JOURNAL OF MEDICINE AND HUMAN HEALTH,B5
2257-0543,BRESIL(S),B1
2425-231X,BR�SIL(S) - SCIENCES HUMAINES ET SOCIALES,B1
2257-0543,BR�SIL(S). SCIENCES HUMAINES ET SOCIALES,B1
0007-1595,BULLETIN OF THE BRITISH ORNITHOLOGISTS' CLUB,C 
2047-0398,BUSINESS MANAGEMENT REVIEW (BMR),C 
2358-3231,CADERNO CESPUC DE PESQUISA. S�RIE ENSAIOS,B3
1983-8239,CADERNO CRH (ONLINE),A2
0103-4979,CADERNO CRH (UFBA. IMPRESSO),A2
1984-2104,"CADERNO DE DEBATES REF�GIO, MIGRA��ES E CIDADANIA",B4
2175-3989,CADERNO DE ENSAIOS (TEATRO DE NARRADORES),C 
2318-6933,CADERNO ELETR�NICO DE CI�NCIAS SOCIAIS,B4
1981-3082,CADERNO ESPA�O FEMININO (ONLINE),B2
2176-5774,CADERNO PRUDENTINO DE GEOGRAFIA,B5
2176-5774,CADERNO PRUDENTINO DE GEOGRAFIA,B5
2238-8761,CADERNO SOCIOAMBIENTAL,B5
1677-6976,CADERNO VIRTUAL DE TURISMO (UFRJ),B4
2179-8478,CADERNOS BENJAMINIANOS,B4
1984-2147,CADERNOS BRASILEIROS DE SA�DE MENTAL,B3
1518-0395,CADERNOS CAMILLIANI,B4
1413-4519,CADERNOS CERU (USP),B4
2236-7934,CADERNOS DE AGROECOLOGIA,B4
2238-0361,CADERNOS DE ARTE E ANTROPOLOGIA,B4
1415-0689,CADERNOS DE CAMPO (UNESP),B4
2316-9133,CADERNOS DE CAMPO (USP),B3
0104-5679,CADERNOS DE CAMPO (USP. 1991),B3
2316-9907,"CADERNOS DE EDUCA��O, TECNOLOGIA E SOCIEDADE",B4
1808-0758,CADERNOS DE ESTUDOS - SECRETARIA DE AVALIA��O E GEST�O DA INFORMA��O,B4
1645-3794,CADERNOS DE ESTUDOS AFRICANOS,B1
1984-7785,CADERNOS DE ESTUDOS CULTURAIS,B4
0102-4248,CADERNOS DE ESTUDOS SOCIAIS,B5
2525-6904,CADERNOS DE G�NERO E DIVERSIDADE,B4
2237-8871,CADERNOS DE HIST�RIA,B3
1981-3090,CADERNOS DE PESQUISA DO CDHIS (ONLINE),B4
0100-1574,CADERNOS DE PESQUISA (FUNDA��O CARLOS CHAGAS. IMPRESSO),A2
1984-8951,CADERNOS DE PESQUISA INTERDISCIPLINAR EM CI�NCIAS HUMANAS (ONLINE),B4
1678-4464,CADERNOS DE SAUDE PUBLICA,A2
1678-4464,CADERNOS DE SA�DE P�BLICA,A2
0102-311X,CADERNOS DE SA�DE P�BLICA (ENSP. IMPRESSO),A2
1678-4464,CADERNOS DE SA�DE P�BLICA (ONLINE),A2
1646-3714,CADERNOS DE SOCIOMUSEOLOGIA,B3
2175-7968,CADERNOS DE TRADU��O,B2
1647-7715,CADERNOS DO CEIL - REVISTA MULTIDISCIPLINAR DE ESTUDOS SOBRE O IMAGIN�RIO,B5
2175-0173,CADERNOS DO CEOM,B3
1413-8409,CADERNOS DO CEOM (UNOCHAPEC�),B3
2176-6207,CADERNOS DO LEME,B5
2316-8412,CADERNOS DO LEPAARQ (UFPEL),B1
1806-9118,CADERNOS DO LEPAARQ (UFPEL),B1
2318-552X,CADERNOS DO SOCIOFILO,B5
2179-2143,CADERNOS DO TEMPO PRESENTE,B4
1679-0316,CADERNOS IHU ID�IAS (UNISINOS),C 
2316-2937,CADERNOS IMBONDEIRO,B5
1413-7755,CADERNOS NIETZSCHE,B2
2359-5337,CADERNOS OBMIGRA - REVISTA MIGRA��ES INTERNACIONAIS,B5
1809-4449,CADERNOS PAGU,A1
0104-8333,CADERNOS PAGU (UNICAMP),A1
0104-8333,CADERNOS PAGU (UNICAMP. IMPRESSO),A1
1414-462X,CADERNOS SA�DE COLETIVA (UFRJ),B4
1951-5030,CAHIERS D'ANTHROPOLOGIE SOCIALE,B4
1635-3544,CAHIERS DE LA RECHERCHE SUR L'�DUCATION ET LES SAVOIRS,B2
1141-7161,CAHIERS DES AM�RIQUES LATINES (PARIS),A2
0008-0055,CAHIERS D'�TUDES AFRICAINES,A2
2313-9242,CAIANA,B4
2068-0686,CAIETE ARA: ARHITECTURA. RESTAURARE.ARHEOLOGIE,B4
1582-960X,CAIETELE ECHINOX,B4
2304-5531,CALIB�N - REVISTA LATINO AMERICANA DE PSICAN�LISE,B5
2238-3824,CALIGRAMA: REVISTA DE ESTUDOS ROM�NICOS,B4
0305-7674,CAMBRIDGE ANTHROPOLOGY,B1
0959-7743,CAMBRIDGE ARCHAEOLOGICAL JOURNAL,A1
1678-6343,CAMINHOS DE GEOGRAFIA (UFU),B3
1678-8990,CAMINHOS (RIO DO SUL),B5
1809-6271,CAMPO - TERRIT�RIO,B2
1519-5538,CAMPOS (UFPR),B2
0826-3663,CANADIAN JOURNAL OF LATIN AMERICAN AND CARIBBEAN STUDIES,A2
0373-2967,CANDOLLEA (GEN�VE),B4
0341-8162,CATENA (CREMLINGEN),B1
1983-1625,CES REVISTA (ONLINE),B4
0306-0012,CHEMICAL SOCIETY REVIEWS (PRINT),A2
0145-2134,CHILD ABUSE & NEGLECT,A2
0907-5682,CHILDHOOD (COPENHAGEN),A2
0986-6035,CHIM�RES (PARIS. 1987),B2
1519-0617,CIBERLEGENDA (UFF. ONLINE),B4
1676-4188,CI�NCIA & AMBIENTE,B4
1980-850X,CI�NCIA & EDUCA��O,B2
1413-8123,CI�NCIA & SA�DE COLETIVA (ONLINE),B3
0304-2685,CI�NCIA & TROPICO,B4
1518-8353,CI�NCIA DA INFORMA��O (ONLINE),B4
2317-6660,CI�NCIA E CULTURA,B2
0009-6725,CI�NCIA E CULTURA,B2
1413-8123,CI�NCIA E SA�DE COLETIVA (IMPRESSO),B3
0101-8515,CI�NCIA HOJE,B2
0103-2054,CIENCIA HOJE DAS CRIANCAS,B5
1678-5274,CI�NCIAS DA RELIGI�O (MACKENZIE. IMPRESSO),B3
2319-0574,CI�NCIAS DO TRABALHO,B4
2177-756X,CI�NCIAS HUMANAS E SOCIAIS EM REVISTA,B3
2175-1196,CI�NCIAS HUMANAS E SOCIAIS EM REVISTA (IMPRESSO),B3
2177-6229,CI�NCIAS SOCIAIS UNISINOS,B3
1519-7050,CI�NCIAS SOCIAIS UNISINOS,B3
1982-2650,CIENCIAS SOCIALES Y RELIGI�N / CI�NCIAS SOCIAIS E RELIGI�O,B1
1518-4463,CIENCIAS SOCIALES Y RELIGI�N (IMPRESSO),B1
2183-7902,CINEMA & TERRIT�RIO,B5
0187-8611,CIUDADES (PUEBLA),B4
2191-1339,CIVIL PROCEDURE REVIEW,B4
0009-8140,CIVILISATIONS (BRUXELLES),A2
1519-6089,CIVITAS - REVISTA DE CI�NCIAS SOCIAIS (IMPRESSO),B1
1984-7289,CIVITAS - REVISTA DE CI�NCIAS SOCIAIS (ONLINE),B1
1984-7289,CIVITAS - REVISTA DE CI�NCIAS SOCIAIS (ONLINE),B1
1850-3381,CLANG (LA PLATA),B5
1666-1842,CLAROSCURO (ROSARIO),B5
0103-4316,CLASSICA (SAO PAULO),B2
0009-8558,CLAY MINERALS (PRINT),B3
2359-4705,"CLIMACOM CULTURA CIENT�FICA - PESQUISA, JORNALISMO E ARTE",B5
2317-2509,CL�NICA & CULTURA,B5
1556-6811,CLINICAL AND VACCINE IMMUNOLOGY,B2
0102-6003,CLIO. S�RIE ARQUEOL�GICA (UFPE),B1
0102-6003,CLIO. S�RIE ARQUEOL�GICA (UFPE),B1
0102-9487,CLIO. S�RIE HIST�RIA DO NORDESTE (UFPE),B2
1692-3766,"CO�DICE : BOLETI�N CIENTI�FICO Y CULTURAL DEL MUSEO UNIVERSITARIO, UNIVERSIDAD DE ANTIOQUIA",C 
2447-2654,COISAS DO G�NERO: REVISTA DE ESTUDOS FEMINISTAS EM G�NERO E RELIGI�O,B5
1809-8207,COLLOQUIUM HUMANARUM,B5
1519-7654,COMCI�NCIA (UNICAMP),B3
0961-754X,COMMON KNOWLEDGE (OXFORD),B1
0010-4175,COMPARATIVE STUDIES IN SOCIETY AND HISTORY (PRINT),A2
1984-2880,COMPET�NCIA (PORTO ALEGRE),B5
1131-6993,COMPLUTUM (MADRID),B1
1983-3784,COMPOSI��O: REVISTA DE CI�NCIAS SOCIAIS DA UNIVERSIDADE FEDERAL DE MATO GROSSO DO SUL,B4
0102-3055,COMUNICA��ES DO ISER,B4
2317-5737,CONCEI��O/CONCEPTION REVISTA DO PROGRAMA DE P�S-GRADUA��O EM ARTES DA CENA,B5
1519-7204,CONCEITOS (JO�O PESSOA),B5
1981-9897,CONCINNITAS (ONLINE) (RIO DE JANEIRO),B4
1676-661X,CONFLITOS NO CAMPO BRASIL,B5
1678-7145,CONFLU�NCIAS (NITER�I),B3
1718-5556,CONSERVERIES M�MORIELLES,B3
2236-532X,CONTEMPOR�NEA - REVISTA DE SOCIOLOGIA DA UFSCAR,B3
2236-532X,CONTEMPOR�NEA - REVISTA DE SOCIOLOGIA DA UFSCAR,B3
2236-532X,CONTEMPOR�NEA. REVISTA DE SOCIOLOGIA DA UFSCAR,B3
1809-9386,CONTEMPORANEA (UFBA. ONLINE),B3
1983-0238,CONTEXTO: REVISTA DA FACULDADE DE FILOSOFIA E CI�NCIAS SOCIAIS - UERN,B5
2178-4744,CONTRACORRENTE: REVISTA DE ESTUDOS LITER�RIOS,B5
2237-9940,CONTRAPONTO (PUC-MG),B4
2358-3541,CONTRAPONTO (UFRGS),B5
1025-9945,CONTRATEXTO - REVISTA DE LA FACULTAD DE COMUNICACI�N DE LA UNIVERSIDAD DE LIMA,B5
2219-1631,CONTROVERSIAS Y CONCURRENCIAS LATIONAMERICANAS,B4
2176-4174,CORDIS: REVISTA ELETR�NICA DE HIST�RIA SOCIAL DA CIDADE,B3
1853-8037,CORPUS. ARCHIVOS VIRTUALES DE LA ALTERIDAD AMERICANA,B3
2358-9809,COSMOS E CONTEXTO,C 
2237-0579,CR�TICA E SOCIEDADE: REVISTA DE CULTURA POL�TICA,B4
1999-8104,CR�TICA Y EMANCIPACI�N,B4
0308-275X,CRITIQUE OF ANTHROPOLOGY,A1
1518-0689,CRONOS (NATAL. IMPRESSO),B5
1984-2140,CSONLINE - REVISTA ELETR�NICA DE CI�NCIAS SOCIAIS,B5
0011-2356,CUADERNOS AMERICANOS,B2
1850-275X,CUADERNOS DE ANTROPOLOG�A SOCIAL (EN L�NEA),B1
0327-3776,CUADERNOS DE ANTROPOLOG�A SOCIAL (IMPRESA),B1
1850-275X,CUADERNOS DE ANTROPOLOG�A SOCIAL (ONLINE),B1
2215-7727,CUADERNOS DE DESARROLLO RURAL,B3
1012-2508,CUADERNOS DEL CENDES,B1
1668-1053,CUADERNOS DEL IDES,B5
2362-1958,CUADERNOS DEL INSTITUTO NACIONAL DE ANTROPOLOG�A Y PENSAMIENTO LATINOAMERICANO,B4
0717-0904,CUADERNOS DEL PENSAMIENTO LATINOAMERICANO,B3
1659-0139,CUADERNOS INTER.C.A.MBIO SOBRE CENTROAM�RICA Y EL CARIBE,B3
0326-3525,CUADERNOS M�DICO SOCIALES,B4
2316-5014,CULTURA HIST�RICA & PATRIM�NIO,B4
2316-5014,CULTURA HIST�RICA & PATRIM�NIO,B4
0718-4727,CULTURA Y RELIGI�N (EN L�NEA),B3
2007-8110,CULTURA Y REPRESENTACIONES SOCIALES,B1
0886-7356,CULTURAL ANTHROPOLOGY,A1
1983-5930,CULTURAS MIDI�TICAS,B5
2313-965X,CULTURAS PSI,B5
2313-965X,CULTURAS PSI.,B5
2261-0758,CULTURES-KAIR�S,B3
0011-3204,CURRENT ANTHROPOLOGY,A1
0960-9822,CURRENT BIOLOGY,B1
1573-3998,CURRENT DIABETES REVIEWS,B4
1381-6128,CURRENT PHARMACEUTICAL DESIGN (PRINT),B4
1043-4666,CYTOKINE,B2
1678-4588,DADOS - REVISTA DE CI�NCIAS SOCIAIS,A2
1982-8136,DEBATES DO NER,B1
1519-843X,DEBATES DO NER (UFRGS),B1
1519-843X,DEBATES DO NER (UFRGS. IMPRESSO),B1
2414-4444,D�J� LU,B3
1678-460X,DELTA. DOCUMENTA��O DE ESTUDOS EM LING��STICA TE�RICA E APLICADA,B2
1678-460X,DELTA. DOCUMENTA��O DE ESTUDOS EM LINGU�STICA TE�RICA E APLICADA (ONLINE),B2
2238-913X,"DEMETRA: ALIMENTA��O, NUTRI��O & SA�DE",B3
1607-050X,DESACATOS (CIESAS),A2
2448-5144,DESACATOS. REVISTA DE ANTROPOLOG�A SOCIAL,A2
0046-001X,DESARROLLO ECON�MICO (BUENOS AIRES),B3
1518-952X,DESENVOLVIMENTO E MEIO AMBIENTE (UFPR),B3
2318-9282,DESIDADES - REVISTA ELETR�NICA DE DIVULGA��O CIENT�FICA DA INF�NCIA E JUVENTUDE,B3
1772-9971,D�VELOPPEMENT DURABLE & TERRITOIRES,B4
2179-6483,DEVIRES - CINEMA E HUMANIDADES,B3
0719-2681,DI�LOGO ANDINO,B2
2177-2940,DI�LOGOS (MARINGA),B1
1415-9945,DI�LOGOS (MARING�),B1
2236-1499,"DI�LOGOS: REVISTA DE ESTUDOS LINGU�STICOS, LITER�RIOS, CULTURAIS E DA CONTEMPORANEIDADE",B3
2178-2792,DILEMAS,B3
1983-5922,DILEMAS: REVISTA DE ESTUDOS DE CONFLITO E CONTROLE SOCIAL,B3
2179-8869,DIMENS�ES: REVISTA DE HIST�RIA DA UFES,B2
1982-2898,DIRECIONAL EDUCADOR (IMPRESSO),C 
1982-1921,DIREITOS FUNDAMENTAIS & JUSTI�A,B3
1519-9827,DIREITOS HUMANOS NA SALA DE AULA,C 
1360-0508,DISABILITY AND SOCIETY,B1
1983-8921,DIVERS@! (MATINHOS),B4
0103-4383,DIVULGACAO EM SAUDE PARA DEBATE,B4
1982-0313,"DOBRAS (BARUERI, SP)",B5
2259-7077,DOCUMENT DE TRAVAIL (MARCH� DU TRAVAIL ET GENRE),C 
2179-7412,DOIS PONTOS (UFPR) DIGITAL,B2
2237-9126,DOM�NIOS DA IMAGEM,B4
1982-2766,DOM�NIOS DA IMAGEM (UEL),B4
2175-6716,DROPS (S�O PAULO),B5
0378-3782,EARLY HUMAN DEVELOPMENT,B2
1384-5160,EASST REVIEW,C 
0100-4670,ECL�TICA QU�MICA (UNESP. ARARAQUARA. IMPRESSO),B3
1470-160X,ECOLOGICAL INDICATORS,B1
1679-8872,EDI��O ESPECIAL HIST�RIA VIVA,B4
2359-2087,EDUCA - REVISTA MULTIDISCIPLINAR EM EDUCA��O,B5
0101-7330,EDUCA��O & SOCIEDADE (IMPRESSO),B2
2237-1648,"EDUCA��O, CULTURA E SOCIEDADE",B3
2238-1279,EDUCA��O E CULTURA CONTEMPOR�NEA (ONLINE),B3
2175-6236,EDUCACAO E REALIDADE,B3
0104-3293,EDUCA��O EM FOCO (UFJF),B4
0102-4698,EDUCA��O EM REVISTA (UFMG - IMPRESSO),B2
0101-9031,EDUCA��O (UFSM),B4
2177-6210,EDUCA��O UNISINOS (ONLINE),B4
1809-5208,EDUCERE ET EDUCARE (IMPRESSO),B4
1981-4712,EDUCERE ET EDUCARE (VERS�O ELETR�NICA),B4
1984-767X,E-HUM,B4
2250-7116,EL O�DO PENSANTE,B5
2382-4794,EL TALLER DE LA HISTORIA,B4
2316-4360,�LIS�E - REVISTA DE GEOGRAFIA DA UEG,B4
1980-3532,EM DEBATE (UFSC. ONLINE),B5
1807-8893,EM QUEST�O (UFRGS. IMPRESSO),B3
1808-7914,EMBLEMAS (UFG. CATAL�O),B5
1554-3706,E-MISF�RICA (NEW YORK),B3
1807-3867,ENCONTROS (RIO DE JANEIRO),B5
2316-8544,ENSAIOS DE GEOGRAFIA,B4
1980-2668,ENSAIOS FEE (ONLINE),B3
1983-1730,ENSINO EM RE-VISTA,B5
1472-3409,ENVIRONMENT AND PLANNING A,B4
0195-9255,ENVIRONMENTAL IMPACT ASSESSMENT REVIEW,B1
1679-4974,EPIDEMIOLOGIA E SERVICOS DE SAUDE,B4
1750-1911,EPIGENOMICS,B1
1981-5603,ESCRITAS (GOI�NIA),B4
2238-7188,ESCRITAS: REVISTA DO CURSO DE HIST�RIA DE ARAGUA�NA,B4
2446-6190,ESFERAS,B4
1984-817X,ESPACIALIDADES,B5
1315-0006,ESPACIO ABIERTO (CARACAS. 1992),B2
0718-1604,ESPACIO REGIONAL. REVISTA DE ESTUDIOS SOCIALES,B4
2237-3071,"ESPA�O ABERTO, PPGG - UFRJ",B4
1982-6524,ESPA�O AMER�NDIO (UFRGS),B1
1516-9375,ESPA�O E GEOGRAFIA (UNB),B3
1981-478X,ESPA�O PLURAL (MARECHAL C�NDIDO RONDON. ONLINE),B4
1518-4196,ESPA�O PLURAL (UNIOESTE),B4
2179-4421,ESPA�O P�BLICO PERI�DICO: PISEAGRAMA,C 
0103-7668,ESPA�O (RIO DE JANEIRO. 1990),B5
0102-4701,ESPELEO-TEMA (S�O PAULO),B4
1809-1296,ESPORTE E SOCIEDADE,B5
0329-8256,ESTUDIOS SOCIALES DEL NOA (UNIVERSIDAD DE BUENOS AIRES),B2
1851-1732,ESTUDIOS Y PERSPECTIVAS EN TURISMO (EN L�NEA),B3
0101-546X,ESTUDOS AFRO-ASI�TICOS (UCAM. IMPRESSO),B2
0103-4014,ESTUDOS AVAN�ADOS,A1
1806-9592,ESTUDOS AVAN�ADOS (ONLINE),A1
0103-4014,ESTUDOS AVAN�ADOS (USP. IMPRESSO),A1
2316-4018,ESTUDOS DE LITERATURA BRASILEIRA CONTEMPOR�NEA,A2
0103-166X,ESTUDOS DE PSICOLOGIA (PUCCAMP. IMPRESSO),B2
0103-801X,ESTUDOS DE RELIGIAO (IMS),B4
1982-4718,ESTUDOS DE SOCIOLOGIA,B2
1415-000X,ESTUDOS DE SOCIOLOGIA (RECIFE),B3
1414-0144,ESTUDOS DE SOCIOLOGIA (S�O PAULO),B2
2317-5427,ESTUDOS DE SOCIOLOGIA (UFPE),B3
1806-9584,ESTUDOS FEMINISTAS,A1
0104-026X,ESTUDOS FEMINISTAS,A1
1980-8208,ESTUDOS GEOLOGICOS,B4
1980-8208,ESTUDOS GEOL�GICOS (UFPE),B4
2178-1494,ESTUDOS HIST�RICOS,B1
0103-2186,ESTUDOS HISTORICOS (RIO DE JANEIRO),B1
1980-864X,ESTUDOS IBERO-AMERICANOS,A2
0101-4064,ESTUDOS IBERO-AMERICANOS (PUCRS. IMPRESSO),A2
2179-3441,ESTUDOS NIETZSCHE,B5
1413-0580,ESTUDOS SOCIEDADE E AGRICULTURA (UFRRJ),B2
1741-1912,ETHNOMUSICOLOGY FORUM (PRINT),B4
2182-2891,ETNOGR�FICA,A1
0873-6561,ETNOGR�FICA (LISBOA,A1
0873-6561,ETNOGR�FICA (LISBOA),A1
1448-2940,ETROPIC: ELECTRONIC JOURNAL OF STUDIES IN THE TROPICS,B4
0014-2182,ETUDES RURALES,B2
0014-2751,EUROPE (PARIS. 1923),B2
0909-8836,EUROPEAN JOURNAL OF ORAL SCIENCES,B3
0924-0608,EUROPEAN REVIEW OF LATIN AMERICAN AND CARIBBEAN STUDIES,B2
2317-9120,EVOLVERE SCIENTIA,B5
1983-9065,EXAM�PAKU (BOA VISTA),B4
2358-8195,EXPRESSA EXTENS�O,C 
1414-4190,EXPRESSA EXTENS�O (UFPEL),C 
1415-7802,EXTENS�O RURAL (SANTA MARIA),B4
1519-6895,EXTRAPRENSA (USP),B3
1464-7001,FEMINIST THEORY,B1
2162-4321,FIELDIANA ANTHROPOLOGY (ONLINE),B2
1984-9605,FILOSOFIA E EDUCA��O,B5
1983-053X,FILOSOFIA E HIST�RIA DA BIOLOGIA,B4
0430-5027,FINISTERRA (LISBOA. 1966),B2
0306-9192,FOOD POLICY,B2
0379-0738,FORENSIC SCIENCE INTERNATIONAL,B1
1872-4973,FORENSIC SCIENCE INTERNATIONAL. GENETICS (PRINT),B1
1982-9531,F�RUM PATRIM�NIO : AMBIENTE CONSTRU�DO E PATRIM�NIO SUSTENT�VEL (UFMG. ONLINE),B3
0872-8380,FORUM SOCIOL�GICO,B4
1983-7828,FRAGMENTOS DE CULTURA,B4
1983-7828,FRAGMENTOS DE CULTURA,B4
1414-9494,FRAGMENTOS DE CULTURA (GOI�NIA),B4
2175-0742,FRONTEIRAS: REVISTA DE HIST�RIA,B1
2296-701X,FRONTIERS IN ECOLOGY AND EVOLUTION,B4
0104-351X,FUMDHAMENTOS,B3
1981-1268,GAIA SCIENTIA (UFPB),B4
1436-3291,GASTRIC CANCER,B3
0966-369X,"GENDER, PLACE AND CULTURE (PRINT)",B2
0378-1119,GENE (AMSTERDAM),B1
2238-8184,G�NERO NA AMAZ�NIA,B3
1155-3219,GEN�SES (PARIS),B3
0016-6707,GENETICA ('S-GRAVENHAGE),B1
1415-4757,GENETICS AND MOLECULAR BIOLOGY (IMPRESSO),B3
1415-7543,GEO UERJ,B3
1981-9021,GEO UERJ (2007),B3
1980-7759,GEOAMAZ�NIA (UFPA),B4
0883-6353,GEOARCHAEOLOGY (NEW YORK. PRINT),A2
1980-900X,GEOCI�NCIAS (S�O PAULO. ONLINE),B3
0101-9082,GEOCI�NCIAS (UNESP. IMPRESSO),B3
0016-7061,GEODERMA (AMSTERDAM),B2
0102-3888,GEOGRAFIA (LONDRINA),B4
0100-7912,GEOGRAFIA (RIO CLARO. IMPRESSO),B2
2358-1972,GEOGRAPHIA OPPORTUNO TEMPORE,B5
1517-7793,GEOGRAPHIA (UFF),B2
1867-2477,GEOHERITAGE,B3
0761-9081,G�OLINGUISTIQUE (GRENOBLE),B5
0169-555X,GEOMORPHOLOGY (AMSTERDAM),B1
2237-1419,GEONORTE,B5
2178-0463,GEOSABERES REVISTA DE ESTUDOS GEOEDUCACIONAIS,B3
2177-5230,GEOSUL,B5
2177-5230,GEOSUL,B5
1984-5537,GEOTEXTOS (ONLINE),B3
1809-189X,GEOTEXTOS (SALVADOR),B3
1807-5436,GEST�O E DESENVOLVIMENTO (FEEVALE),B5
1405-1079,GESTI�N Y POL�TICA P�BLICA,B4
2525-3123,"GIS - GESTO, IMAGEM E SOM - REVISTA DE ANTROPOLOGIA",B5
2358-4114,GRAGOAT�,B1
1983-7798,HABITUS,B2
1678-6475,HABITUS (UCG),B2
1678-6475,HABITUS (UCG. IMPRESSO),B2
2049-1115,HAU: JOURNAL OF ETHNOGRAPHIC THEORY,B1
2357-9366,HELIKON - REVISTA DE HIST�RIA,B4
0363-0269,HEMOGLOBIN,B5
1690-7930,HERPETOTROPICOS,B5
1679-9321,HIL�IA (UEA),B5
1527-1900,HISPANIC AMERICAN HISTORICAL REVIEW,B1
1982-209X,HIST�RIA AGORA,B4
1678-4758,"HIST�RIA, CI�NCIAS, SA�DE (ONLINE)",B2
0104-5970,"HIST�RIA, CI�NCIAS, SA�DE-MANGUINHOS (IMPRESSO)",B2
2238-6270,HIST�RIA E CULTURA,B3
1807-1783,HISTORIA E-HISTORIA,B4
1807-1783,HIST�RIA E-HIST�RIA,B4
2318-1729,"HIST�RIA, HIST�RIAS",B4
2358-1654,HIST�RIA ORAL,B2
1516-7658,HIST�RIA ORAL (RIO DE JANEIRO),B2
0100-6932,HIST�RIA. QUEST�ES E DEBATES,B2
1984-4530,HIST�RIA REVISTA (ONLINE),B3
1414-6312,HIST�RIA REVISTA (UFG. IMPRESSO),B3
1980-4369,HIST�RIA (S�O PAULO),B5
1413-7046,HIST�RIA SOCIAL (UNICAMP),B4
2359-2370,HIST�RIA UNICAP,B4
1519-3861,HIST�RIA UNISINOS,A2
0440-9213,HISTORICAL ARCHAEOLOGY,A1
0275-7206,HISTORY AND ANTHROPOLOGY,B1
0361-5413,HISTORY IN AFRICA,B1
1093-4510,HISTORY OF PSYCHOLOGY,B4
1807-1600,HOLOS (NATAL. ONLINE),B3
0716-5897,HOMBRE Y DESIERTO,B4
0018-442X,HOMO (STUTTGART),B2
1679-9615,HORIZONTE : REVISTA DE ESTUDOS DE TEOLOGIA E CI�NCIAS DA RELIGI�O (IMPRESSO),B4
2175-5841,HORIZONTE: REVISTA DE ESTUDOS DE TEOLOGIA E CI�NCIAS DA RELIGI�O (ONLINE),B4
1806-9983,HORIZONTES ANTROPOL�GICOS (ONLINE),A1
0104-7183,HORIZONTES ANTROPOL�GICOS (UFRGS. IMPRESSO),A1
0018-5043,HORMONE AND METABOLIC RESEARCH,B3
0018-5345,HORTSCIENCE,B2
1478-4491,HUMAN RESOURCES FOR HEALTH,B2
0102-9479,HUMANIDADES (BRAS�LIA),B4
0018-7615,HUMBOLDT (SPANISCHE AUSG.),B1
0304-3843,HYPERFINE INTERACTIONS,B2
1983-7836,"IARA: REVISTA DE MODA, CULTURA E ARTE",B5
0928-1541,IAWA JOURNAL,B2
1390-1249,�CONOS (QUITO),B3
2179-5525,ID�IAS - REVISTA DO INSTITUTO DE FILOSOFIA E CI�NCIAS HUMANAS DA UNICAMP,B5
1070-289X,IDENTITIES (YVERDON),B1
0265-5012,IDS BULLETIN (BRIGHTON. 1984),B5
0018-9499,IEEE TRANSACTIONS ON NUCLEAR SCIENCE,B1
1981-8769,IHU ON-LINE (UNISINOS. IMPRESSO),C 
1981-8793,IHU ON-LINE (UNISINOS. ONLINE),C 
2175-8034,ILHA - REVISTA DE ANTROPOLOGIA,B1
1517-395X,ILHA. REVISTA DE ANTROPOLOGIA (FLORIAN�POLIS),B1
1984-1191,ILUMINURAS (PORTO ALEGRE),B1
1461-5517,IMPACT ASSESSMENT AND PROJECT APPRAISAL (PRINT),B1
2389-8860,IM-PERTINENTE,C 
1983-6171,�MPETO,B5
0341-8642,INDIANA (BERLIN),B1
1809-4783,INFORMA��O & SOCIEDADE (UFPB. ONLINE),B2
1517-6258,INFORME ECON�MICO (UFPI),C 
2446-9696,INSITU,B5
2447-6684,INSURG�NCIA: REVISTA DE DIREITOS E MOVIMENTOS SOCIAIS,B5
1981-8076,INTERA��O EM PSICOLOGIA (ONLINE),B5
1981-8416,INTER-A��O (UFG. ONLINE),B3
2176-669X,INTERC�MBIO (MONTES CLAROS),C 
1809-5844,INTERCOM (S�O PAULO. IMPRESSO),B2
2448-5705,INTERDISCIPLINA,B3
1980-8879,INTERDISCIPLINAR: REVISTA DE ESTUDOS EM L�NGUA E LITERATURA,B3
1982-8497,INTERESSE NACIONAL,C 
2318-9401,INTERETHNIC@ - REVISTA DE ESTUDOS EM RELA��ES INTER�TNICAS,B2
2237-7506,INTERFACE,B5
1414-3283,INTERFACE (BOTUCATU. IMPRESSO),B2
1807-5762,INTERFACE (BOTUCATU. ONLINE),B2
1807-5762,INTERFACE (UNI/UNESP. ONLINE),B2
1984-5677,INTERFACES BRASIL CANAD�,B2
1984-5677,INTERFACES BRASIL-CANAD� ON LINE),B2
2316-3801,INTERFACES CIENT�FICAS - HUMANAS E SOCIAIS,B4
1982-1662,INTER-LEGERE (UFRN),B3
0143-2885,INTERNATIONAL ENDODONTIC JOURNAL (PRINT),B3
0393-9383,INTERNATIONAL JOURNAL OF ANTHROPOLOGY (TESTO STAMPATO),B2
0167-5273,INTERNATIONAL JOURNAL OF CARDIOLOGY (PRINT),B5
1687-8337,INTERNATIONAL JOURNAL OF ENDOCRINOLOGY,B2
0960-3123,INTERNATIONAL JOURNAL OF ENVIRONMENTAL HEALTH RESEARCH (PRINT),B2
0300-5771,INTERNATIONAL JOURNAL OF EPIDEMIOLOGY,B2
1092-7697,INTERNATIONAL JOURNAL OF HISTORICAL ARCHAEOLOGY,A2
1201-9712,INTERNATIONAL JOURNAL OF INFECTIOUS DISEASES,B2
1975-3586,INTERNATIONAL JOURNAL OF INTANGIBLE HERITAGE (SEOUL. PRINT),B2
0937-9827,INTERNATIONAL JOURNAL OF LEGAL MEDICINE (PRINT),B5
2277-6362,INTERNATIONAL JOURNAL OF LUMINESCENCE AND APPLICATIONS,B2
1047-482X,INTERNATIONAL JOURNAL OF OSTEOARCHAEOLOGY (PRINT),A2
1931-762X,INTERNATIONAL JOURNAL OF SEXUAL HEALTH,B2
2006-988X,INTERNATIONAL JOURNAL OF SOCIOLOGY AND ANTHROPOLOGY,C 
1363-5387,INTERNET ARCHAEOLOGY,B5
1980-3702,INTER-RELA��ES,B3
2317-1456,INTERSE��ES - REVISTA DE ESTUDOS INTERDISCIPLINARES,B3
1517-6088,INTERSE��ES (UERJ),B3
1807-1384,INTERTHESIS (FLORIAN�POLIS),B4
2177-4080,INVESTIGA��O ONLINE,B5
1665-1715,ISTOR: REVISTA DE HISTORIA INTERNACIONAL,B4
1517-7807,ITAICI (S�O PAULO),C 
2168-622X,JAMA PSYCHIATRY,B1
1957-7842,JOURNAL DE LA SOCI�T� DES AM�RICANISTES,B1
0037-9174,JOURNAL DE LA SOCI�T� DES AM�RICANISTES,B1
1054-139X,JOURNAL OF ADOLESCENT HEALTH,B2
0165-0327,JOURNAL OF AFFECTIVE DISORDERS (PRINT),B1
2161-9441,JOURNAL OF AFRICAN DIASPORA ARCHAEOLOGY AND HERITAGE,B2
0278-4165,JOURNAL OF ANTHROPOLOGICAL ARCHAEOLOGY (PRINT),A1
1059-0161,JOURNAL OF ARCHAEOLOGICAL RESEARCH,A1
0305-4403,JOURNAL OF ARCHAEOLOGICAL SCIENCE,A1
2090-9063,JOURNAL OF CHEMISTRY,B2
0021-9630,JOURNAL OF CHILD PSYCHOLOGY AND PSYCHIATRY AND ALLIED DISCIPLINES (PRINT),B1
1468-795X,JOURNAL OF CLASSICAL SOCIOLOGY,A2
1868-310X,JOURNAL OF COMMUNITY GENETICS,B5
2051-3429,JOURNAL OF CONTEMPORARY ARCHAEOLOGY,B4
1353-7903,JOURNAL OF CONTEMPORARY RELIGION,A2
1296-2074,JOURNAL OF CULTURAL HERITAGE,B1
0022-0345,JOURNAL OF DENTAL RESEARCH,B1
2040-1744,JOURNAL OF DEVELOPMENTAL ORIGINS OF HEALTH AND DISEASE (PRINT),B5
0099-2399,JOURNAL OF ENDODONTICS,B2
0265-931X,JOURNAL OF ENVIRONMENTAL RADIOACTIVITY,B1
0278-0771,JOURNAL OF ETHNOBIOLOGY,B3
1746-4269,JOURNAL OF ETHNOBIOLOGY AND ETHNOMEDICINE,B4
0378-8741,JOURNAL OF ETHNOPHARMACOLOGY,B2
8755-4178,JOURNAL OF FEMINIST STUDIES IN RELIGION,B5
1752-928X,JOURNAL OF FORENSIC AND LEGAL MEDICINE,B3
1359-1053,JOURNAL OF HEALTH PSYCHOLOGY,B4
0047-2484,JOURNAL OF HUMAN EVOLUTION,A2
0950-9240,JOURNAL OF HUMAN HYPERTENSION,B4
1326-0219,JOURNAL OF IBERIAN AND LATIN AMERICAN STUDIES,B2
1886-7995,JOURNAL OF IBERIAN GEOLOGY,B3
1556-2948,JOURNAL OF IMMIGRANT & REFUGEE STUDIES,B1
1356-9325,JOURNAL OF LATIN AMERICAN CULTURAL STUDIES,B1
0022-216X,JOURNAL OF LATIN AMERICAN STUDIES,A2
2055-0472,JOURNAL OF LITHIC STUDIES,B2
1064-7554,JOURNAL OF MAMMALIAN EVOLUTION,B1
1388-0764,JOURNAL OF NANOPARTICLE RESEARCH,B2
0306-6150,JOURNAL OF PEASANT STUDIES,A2
0920-4105,JOURNAL OF PETROLEUM SCIENCE & ENGINEERING,B2
1543-3080,JOURNAL OF PHYSICAL ACTIVITY & HEALTH,B1
1742-6588,JOURNAL OF PHYSICS. CONFERENCE SERIES (PRINT),B4
0022-3808,JOURNAL OF POLITICAL ECONOMY,B3
1180-4882,JOURNAL OF PSYCHIATRY & NEUROSCIENCE,B1
0236-5731,JOURNAL OF RADIOANALYTICAL AND NUCLEAR CHEMISTRY (PRINT),B2
2250-5105,JOURNAL OF SAFETY AND SECURITY IN TOURISM,B4
2447-9462,JOURNAL OF SEDIMENTARY ENVIRONMENTS,B3
0895-9811,JOURNAL OF SOUTH AMERICAN EARTH SCIENCES,B1
1913-9063,JOURNAL OF SUSTAINABLE DEVELOPMENT (IMPRESSO),C 
0103-5053,JOURNAL OF THE BRAZILIAN CHEMICAL SOCIETY (IMPRESSO),B2
1762-0198,JOURNAL OF THE HISTORY OF SUFISM,C 
1359-0987,JOURNAL OF THE ROYAL ANTHROPOLOGICAL INSTITUTE,B4
1477-8920,JOURNAL OF WATER AND HEALTH,A1
0103-0825,JUNGUIANA (SAO PAULO),B2
0101-949X,JUSTITIA (S�O PAULO),B5
1809-9564,JUVENTUDE.BR (CENTRO DE ESTUDOS E MEM�RIA DA JUVENTUDE),C 
1937-8572,KARPA: JOURNAL OF THEATRICALITIES AND VISUAL CULTURE,B4
1874-933X,KEW BULLETIN (ONLINE),B4
2317-5656,KOAN - REVISTA DE EDUCA��O E COMPLEXIDADE,B5
1852-3218,KULA. ANTROP�LOGOS DEL ATL�NTICO SUR.,B4
0391-9099,LA RICERCA FOLKLORICA,B4
1519-6674,LABIRINTO (UNIR),B4
2176-8846,LABOR & ENGENHO,C 
1676-9651,LABRYS (EDI��O EM PORTUGU�S. ONLINE),B1
1676-9651,"LABRYS, �TUDES F�MINISTES/ ESTUDOS FEMINISTAS",B1
0264-8377,LAND USE POLICY,B1
1934-5275,LANGUAGE DOCUMENTATION AND CONSERVATION,B2
0003-5521,L'ANTHROPOLOGIE (PARIS),A1
0890-7218,LASA FORUM,C 
1045-6635,LATIN AMERICAN ANTIQUITY,A1
1552-678X,LATIN AMERICAN PERSPECTIVES,A2
2041-7365,LATIN AMERICAN POLICY,B1
2007-9656,LATINMAG LETTERS,B5
2179-5428,LATITUDE,B1
1981-5921,LATITUDE - REVISTA DO PPGS UFAL,B1
1981-5921,LATITUDE (UFAL),B1
2105-0708,LES CARNETS DU LAHIC,B5
0040-3075,LES TEMPS MODERNES (PARIS. 1945),B2
0145-2126,LEUKEMIA RESEARCH,B5
1678-0531,LIAMES (UNICAMP),B2
1981-3171,LICERE (CENTRO DE ESTUDOS DE LAZER E RECREA��O. ONLINE),B3
1518-0743,"LINGUAGENS, EDUCA��O E SOCIEDADE",A2
1983-6988,LINGUASAGEM (S�O PAULO),B5
1132-0214,LINGUISTICA (MADRID),B1
1808-835X,LINGU�STICA (RIO DE JANEIRO),B1
0120-5587,LINGUISTICA Y LITERATURA,B2
1930-1693,LL JOURNAL,B4
1678-0361,LOGOS VERITAS - REVISTA DO CURSO DE DIREITO DO CEULS/ULBRA,C 
0102-6445,LUA NOVA (IMPRESSO),A2
1415-8604,LUGAR COMUM,B4
1516-0785,LUMINA (JUIZ DE FORA),B4
1983-6821,MACHADO DE ASSIS EM LINHA,B3
0120-3045,MAGUARE (UNIVERSIDAD NACIONAL DE COLOMBIA),B3
2358-6362,MAIS 60: ESTUDOS SOBRE ENVELHECIMENTO,C 
1678-4944,MANA: ESTUDOS DE ANTROPOLOGIA SOCIAL,A1
1678-4944,MANA (RIO DE JANEIRO. ONLINE),A1
0104-9313,MANA (UFRJ. IMPRESSO),A1
2379-5506,MANDE STUDIES,C 
2176-0985,MANDR�GORA,B4
1807-989X,MARACANAN,B3
2177-4218,MARE NOSTRUM ? ESTUDOS SOBRE O MEDITERR�NEO ANTIGO,B3
2177-4218,MARE NOSTRUM. ESTUDOS SOBRE O MEDITERR�NEO ANTIGO,B3
1806-0560,MARGENS (UFPA),B4
0141-1136,MARINE ENVIRONMENTAL RESEARCH,C 
2169-4435,MASHRIQ & MAHJAR,B3
0025-5327,MATERIALS EVALUATION,B2
1516-1439,MATERIALS RESEARCH (S�O CARLOS. IMPRESSO),B3
0928-4931,"MATERIALS SCIENCE & ENGINEERING. C, BIOMIMETIC MATERIALS, SENSORS AND SYSTEMS (PRINT)",B1
1662-9752,MATERIALS SCIENCE FORUM (ONLINE),B1
1544-5879,MATHEMATICAL ANTHROPOLOGY AND CULTURAL THEORY,B3
1982-8160,MATRIZES (ONLINE),B2
1982-2073,MATRIZES (USP. IMPRESSO),B2
2179-9571,MEDIA��O,B5
2176-6665,MEDIA��ES - REVISTA DE CI�NCIAS SOCIAIS,B1
2176-6665,MEDIA��ES: REVISTA DE CI�NCIAS SOCIAIS,B1
0962-9351,MEDIATORS OF INFLAMMATION (PRINT),B1
0145-9740,MEDICAL ANTHROPOLOGY,A2
0094-2405,MEDICAL PHYSICS (LANCASTER),B2
0025-7974,"MEDICINE (BALTIMORE, MD.)",B2
1108-9628,MEDITERRANEAN ARCHAEOLOGY AND ARCHAEOMETRY,B1
0960-8931,MELANOMA RESEARCH,B2
0327-5752,MEMORIA AMERICANA,B2
0122-5197,MEMORIA Y SOCIEDAD,B2
1794-8886,MEMORIAS (BARRANQUILLA),B2
0026-0495,"METABOLISM, CLINICAL AND EXPERIMENTAL (PRINT)",B2
2448-1246,METAGRAPHIAS,B5
2236-2762,M�TIS: HIST�RIA & CULTURA,B3
1983-3687,MG. BIOTA,B5
0095-3628,MICROBIAL ECOLOGY,B2
0968-4328,MICRON (OXFORD. 1993),B2
1982-9922,MINHA CIDADE,C 
1518-3394,MNEME (CAIC�. ONLINE),B2
2237-3217,MNEMOSINE REVISTA,B4
2237-3217,MNEMOSINE REVISTA,B4
2358-0658,MOARA,B3
1755-098X,MOLECULAR ECOLOGY RESOURCES (PRINT),B3
2214-4269,MOLECULAR GENETICS AND METABOLISM REPORTS,B1
1853-001X,MORA,B1
1983-7801,MOSAICO (GOI�NIA),B3
1980-8933,MOSAICO SOCIAL,B5
0104-754X,MOVIMENTO (UFRGS. IMPRESSO),B3
2197-0386,MOVING THE SOCIAL - JOURNAL OF SOCIAL HISTORY AND HISTORY OF SOCIAL MOVIMENTS,B3
1807-1856,MUIRAQUIT� (UFAC),B4
0292-0107,MULTITUDES (PARIS),B2
1515-5994,MUNDO AGRARIO (LA PLATA),B2
2145-5074,MUNDO AMAZONICO,B3
1677-1451,MUNDO JOVEM (PUCRS),B1
1807-6149,MUSAS (IPHAN),B5
1852-060X,MUSEO DE ANTROPOLOGIA. REVISTA,B2
1984-3917,MUSEOLOGIA E PATRIM�NIO,B2
1350-0775,MUSEUM INTERNATIONAL (ENGLISH ED. PRINT),B1
1071-4839,NACLA REPORT ON THE AMERICAS (1993),B3
0957-4484,NANOTECHNOLOGY (BRISTOL. PRINT),B1
0885-8608,NATURAL AREAS JOURNAL,B4
2041-1723,NATURE COMMUNICATIONS,A1
0028-1042,NATURWISSENSCHAFTEN,B2
2358-2448,NAUI - DIN�MICAS URBANAS E PATRIM�NIO CULTURAL,B3
0100-1248,NAVIGATOR (RIO DE JANEIRO),B4
1982-8713,NEARCO (RIO DE JANEIRO),B4
0344-5607,NEUROSURGICAL REVIEW,B2
0037-9735,NEWSLETTER - SOCIETY FOR HISTORICAL ARCHAEOLOGY,B4
0121-7550,N�MADAS (BOGOT�),B1
2318-1966,NORUS - NOVOS RUMOS SOCIOL�GICOS,B3
1136-0437,NOVA AFRICA,B4
1055-3177,"NOVON (SAINT LOUIS, MO.)",B4
1516-6481,NOVOS CADERNOS NAEA,A1
2179-7536,NOVOS CADERNOS NAEA,A1
2358-0097,NOVOS DEBATES - F�RUM DE DEBATES EM ANTROPOLOGIA,B3
2316-6614,NOVOS ESTUDOS CEBRAP (IMPRESSO),A1
0101-3300,NOVOS ESTUDOS CEBRAP (IMPRESSO),A1
1516-5981,NOVOS OLHARES (USP),B3
0168-9002,"NUCLEAR INSTRUMENTS & METHODS IN PHYSICS RESEARCH. SECTION A, ACCELERATORS, SPECTROMETERS, DETECTORS AND ASSOCIATED EQUIPMENT (PRINT)",B3
0251-3552,NUEVA SOCIEDAD,B1
0325-6960,NUEVAM�RICA (BUENOS AIRES),B3
1626-0252,NUEVO MUNDO MUNDOS NUEVOS,B1
1382-2373,"NWIG, NEW WEST INDIAN GUIDE",A2
2183-1394,O IDE�RIO PATRIMONIAL,B3
1519-5481,O P�BLICO E O PRIVADO (UECE),B5
1415-1804,O SOCIAL EM QUEST�O,B4
1519-7670,OBSERVAT�RIO DA IMPRENSA (S�O PAULO),C 
1515-3282,OBSERVATORIO SOCIAL DE AM�RICA LATINA,B2
2408-445X,ODISEA. REVISTA DE ESTUDIOS MIGRATORIOS,B5
2178-3748,OFICINA DO HISTORIADOR,B4
1982-7784,OLAM: CI�NCIA & TECNOLOGIA (RIO CLARO. ONLINE),B5
2177-2673,OP��O LACANIANA ONLINE,B5
2165-9389,OPEN JOURNAL OF MEDICAL PSYCHOLOGY,B4
2177-5648,OPSIS,B1
1519-3276,OPSIS (UFG),B1
1354-523X,ORAL DISEASES,B4
1851-4715,OTRA ECONOM�A,B2
1808-8031,OUTROS TEMPOS,B3
2500-980X,PALAEOINDIAN ARACHAOLOGY,B4
0031-0220,PALAONTOLOGISCHE ZEITSCHRIFT,B1
1145-3370,PALEO: REVUE D'ARCHEOLOGIE PREHISTORIQUE,B1
2055-5563,PALEOAMERICA: A JOURNAL OF EARLY HUMAN MIGRATION AND DISPERSAL,B4
1757-6504,PAMBAZUKA NEWS (ED. PORTUGU�S),B1
1516-9111,PAPERS DO NAEA (UFPA),B5
2178-8162,PARALELLUS (ONLINE),B5
2178-8162,PARALELLUS. REVISTA DE ESTUDOS DE RELIGI�O - UNICAP,B5
1383-5769,PARASITOLOGY INTERNATIONAL (PRINT),B1
1695-7121,PASOS (EL SAUZAL),B3
1773-0341,PASSAGES DE PARIS (APEB-FR),B4
1808-1967,PATRIM�NIO E MEM�RIA (UNESP),B1
2237-678X,PENSATA,B5
2237-678X,PENSATA ? REVISTA DOS ALUNOS DO PROGRAMA DE P�S-GRADUA��O EM CI�NCIAS SOCIAIS DA UNIFESP,B5
1984-7246,PERCURSOS (UDESC) Online,B5
2447-1305,PERCURSOS (UNESP),B5
2316-8102,PERFORMATUS,B5
1885-8996,PERIFERIA (BELLATERRA),B3
1983-0076,PERSPECTIVA SOCIOL�GICA,B5
2176-8757,PERSPECTIVA TEOL�GICA,B3
1981-5344,PERSPECTIVAS EM CI�NCIA DA INFORMA��O,B5
2358-1840,PERSPECTIVAS EM DI�LOGO: REVISTA DE EDUCA��O E SOCIEDADE,B5
1983-3733,PERSPECTIVAS EM POL�TICAS P�BLICAS,B5
0101-3459,PERSPECTIVAS: REVISTA DE CI�NCIAS SOCIAIS (UNESP. ARARAQUARA. IMPRESSO),B5
1405-1133,PERSPECTIVAS SOCIALES - SOCIAL PERSPECTIVES,B4
2269-7721,PERSPECTIVE,B3
1981-0180,PESQUISA E M�SICA,B5
0373-840X,PESQUISAS. BOT�NICA,B2
1519-6917,PHIL�A (UERJ),B5
0872-4784,PHILOSOPHICA (LISBOA),B3
1982-2928,PHIL�SOPHOS - REVISTA DE FILOSOFIA,B2
1413-5787,PHOINIX,B4
1809-4481,PHYSIS [ON LINE],B3
0103-7331,PHYSIS (UERJ. IMPRESSO),B3
0103-7331,PHYSIS (UERJ. IMPRESSO),B3
2236-5028,PL�THOS,B4
1553-7390,PLOS GENETICS,A2
1553-7404,PLOS GENETICS (ONLINE),A2
1935-2735,PLOS NEGLECTED TROPICAL DISEASES (ONLINE),B3
1932-6203,PLOS ONE,B1
1932-6203,PLOS ONE,B1
1932-6203,PLOS ONE,B1
2179-0019,"PLURA, REVISTA DE ESTUDOS DE RELIGI�O",B4
2176-8099,PLURAL (S�O PAULO. ONLINE),B5
0104-0626,POESIA SEMPRE,C 
2179-2534,POI�SIS - REVISTA DO PROGRAMA DE P�S-GRADUA��O EM EDUCA��O (UNISUL),B5
1561-4263,POLICE PRACTICE & RESEARCH,B2
0303-9757,POLITEIA (CARACAS),B2
2175-7984,POL�TICA & SOCIEDADE (ONLINE),B1
0104-8015,POL�TICA & TRABALHO,B1
1517-5901,POL�TICA & TRABALHO (ONLINE),B1
1517-5901,POL�TICA & TRABALHO (UFPB. IMPRESSO),B1
2236-0541,POLYPHON�A,B4
1981-3341,PONTO URBE,B1
1981-3341,PONTO URBE-REVISTA DO N�CLEO DE ANTROPOLOGIA URBANA DA USP,B1
1982-4807,PONTO-E-V�RGULA (PUCSP),B3
1981-3341,PONTO.URBE (USP),B1
1521-804X,PORTUGUESE LITERARY & CULTURAL STUDIES,B5
2317-0344,P�S - REVISTA BRASILIENSE DE P�S-GRADUA��O EM CI�NCIAS SOCIAIS,B4
2317-0344,P�S - REVISTA BRASILIENSE DE P�S-GRADUA��O EM CI�NCIAS SOCIAIS,B4
1982-9507,P�S: REVISTA DO PROGRAMA DE P�S-GRADUA��O EM ARTES,B3
1368-8790,POSTCOLONIAL STUDIES (PRINT),B1
1878-9714,PRAGMATICS AND SOCIETY,B5
2237-1508,PRAGMATIZES ? REVISTA LATINO-AMERICANA DE ESTUDOS EM CULTURA,B4
2237-1508,PRAGMATIZES- REVISTA LATINO AMERICANA DE ESTUDOS EM CULTURA,B4
2178-2679,PR�XIS EDUCACIONAL (ONLINE),B5
1677-9878,PR�XIS EVANG�LICA,C 
2357-7150,PR�XIS PEDAG�GICA,B5
2237-2423,PRIMEIROS ESTUDOS - REVISTA DE GRADUA��O EM CI�NCIAS SOCIAIS,B5
2175-6015,PROA: REVISTA DE ANTROPOLOGIA E ARTE,B4
2175-6015,PROA: REVISTA DE ANTROPOLOGIA E ARTE,B4
0962-8452,PROCEEDINGS - ROYAL SOCIETY. BIOLOGICAL SCIENCES (PRINT),B1
0027-8424,PROCEEDINGS OF THE NATIONAL ACADEMY OF SCIENCES OF THE UNITED STATES OF AMERICA,A2
1138-414X,PROFESORADO (GRANADA),B4
2176-2767,PROJETO HIST�RIA. REVISTA DO PROGRAMA DE ESTUDOS P�S-GRADUADOS DE HIST�RIA,B1
0103-7307,PRO-POSI��ES (UNICAMP. IMPRESSO),B1
0103-7307,PR�-POSI��ES (UNICAMP. IMPRESSO),B1
1807-0310,PSICOLOGIA & SOCIEDADE (ONLINE),B2
0102-7182,PSICOLOGIA E SOCIEDADE (IMPRESSO),B2
1982-1247,PSICOLOGIA EM PESQUISA (UFJF),B3
0103-6564,PSICOLOGIA USP (IMPRESSO),B2
0165-1781,PSYCHIATRY RESEARCH (PRINT),B2
0033-2917,PSYCHOLOGICAL MEDICINE (PRINT),B3
1465-5187,PUBLIC ARCHAEOLOGY,A2
1475-2727,PUBLIC HEALTH NUTRITION,B3
2176-8528,"PZZ: ARTE, POL�TICA E CULTURA",C 
1126-8611,QUADERNI DI THULE,B1
2282-4219,QUADRANTI - RIVISTA INTERNAZIONALE DI FILOSOFIA CONTEMPORANEA,B4
2177-5796,QUAESTIO: REVISTA DE ESTUDOS DE EDUCA��O,B5
1871-1014,QUATERNARY GEOCHRONOLOGY (PRINT),A2
1040-6182,QUATERNARY INTERNATIONAL,A1
0969-806X,RADIATION PHYSICS AND CHEMISTRY (1993),B1
0144-8420,RADIATION PROTECTION DOSIMETRY,B2
0033-8222,RADIOCARBON,A1
0102-552X,RAIZES (UFPB),B3
1517-9524,RASTROS (JOINVILLE),B4
1676-8965,RBSE. REVISTA BRASILEIRA DE SOCIOLOGIA DA EMO��O (ONLINE),B3
2179-7501,REALIS REVISTA DE ESTUDOS ANTIUTILITARISTAS E POSCOLONIAIS,B4
0101-8434,REB. REVISTA ECLESIASTICA BRASILEIRA,B3
2316-9230,REBECA. REVISTA BRASILEIRA DE ESTUDOS DE CINEMA E AUDIOVISUAL,B4
0318-4137,RECHERCHES AM�RINDIENNES AU QU�BEC,B2
1981-6278,"RECIIS. REVISTA ELETR�NICA DE COMUNICA��O, INFORMA��O & INOVA��O EM SA�DE (EDI��O EM PORTUGU�S. ONLINE)",B4
1981-6278,RECIIS-REVISTA ELETR�NICA DE COM. INFORMA��O & INOVA��O EM SA�DE,B4
2238-2127,REC�NCAVO ? REVISTA DE HIST�RIA DA UNIABEU,B5
1982-8985,RECORDE: REVISTA DE HIST�RIA DO ESPORTE,B4
2238-3794,REDOBRA,B5
2238-3794,REDOBRA,B5
1956-7413,REGARDS CROIS�S SUR I'�CONOMIE,B5
2152-906X,REGIONS AND COHESIONS,B3
1982-6605,RELIGARE: REVISTA DO PROGRAMA DE P�S-GRADUA��O EM CI�NCIAS DAS RELIGI�ES DA UFPB,B1
1984-0438,RELIGI�O & SOCIEDADE,A1
1984-0438,RELIGI�O & SOCIEDADE,A1
0100-8587,RELIGI�O E SOCIEDADE,A1
1052-1151,RELIGION AND AMERICAN CULTURE,B1
2150-9298,RELIGION AND SOCIETY: ADVANCES IN RESEARCH,B1
1096-1151,RELIGION (LONDON. 1971),A2
1980-8585,REMHU (BRAS�LIA),A2
1516-8182,RETRATOS DE ASSENTAMENTOS,B5
2176-1221,REUNI�O ANUAL DA SOCIEDADE BRASILEIRA PARA O PROGRESSO DA CIENCIA,C 
1677-1222,REVER: REVISTA DE ESTUDOS DA RELIGI�O,B3
0147-9032,"REVIEW - FERNAND BRAUDEL CENTER FOR THE STUDY OF ECONOMIES, HISTORICAL SYSTEMS, AND CIVILIZATIONS",B3
0034-6667,REVIEW OF PALAEOBOTANY AND PALYNOLOGY,A1
2249-894X,REVIEW OF RESEARCH,B5
1984-3577,REVINTER,B5
2236-0824,REVISTA - O OLHO DA HIST�RIA,B4
2446-6158,REVISTA A!,B5
2177-2770,REVISTA ABPN,B5
2318-1990,REVISTA �FRICA(S),B4
1980-0096,REVISTA �GORA (VIT�RIA),B3
2183-2927,REVISTA ALTER IBI,C 
1982-1689,REVISTA ANAGRAMA (USP),B5
2237-4132,REVISTA ANAIS DOS SIMP�SIOS DA ABHR,B5
1646-9860,REVISTA ANGOLANA DE SOCIOLOGIA,B4
1984-4921,REVISTA ANTARES: LETRAS E HUMANIDADES,B2
1516-7372,REVISTA ANTHROPOL�GICAS,A2
2145-5074,REVISTA ANUAL MUNDO AMAZ�NICO,B3
1984-249X,REVISTA ARCHAI: REVISTA DE ESTUDOS SOBRE AS ORIGENS DO PENSAMENTO OCIDENTAL,B3
2317-8698,REVISTA ARTE 21,B5
1807-8214,REVISTA �RTEMIS,B2
2316-5251,"REVISTA �RTEMIS - ESTUDOS DE G�NERO, FEMINISMO E SEXUALIDADES",B2
2359-5175,REVISTA AUSTRAL�RICA,B5
1983-8042,REVISTA BIO�TICA (IMPRESSO),B4
0100-0683,REVISTA BRASILEIRA DE CI�NCIA DO SOLO (IMPRESSO),B4
2178-4884,REVISTA BRASILEIRA DE CI�NCIA POL�TICA,B2
0103-3352,REVISTA BRASILEIRA DE CI�NCIA POL�TICA (IMPRESSO),B2
2179-3255,REVISTA BRASILEIRA DE CI�NCIAS DO ESPORTE (ONLINE),B2
0102-6909,REVISTA BRASILEIRA DE CI�NCIAS SOCIAIS,A1
0102-6909,REVISTA BRASILEIRA DE CI�NCIAS SOCIAIS (IMPRESSO),A1
1806-9053,REVISTA BRASILEIRA DE CI�NCIAS SOCIAIS (ONLINE),A1
2237-8642,REVISTA BRASILEIRA DE CLIMATOLOGIA,B4
2525-4863,REVISTA BRASILEIRA DE EDUCA��O DO CAMPO,B4
1982-873X,REVISTA BRASILEIRA DE ENSINO DE CI�NCIA E TECNOLOGIA,B5
1415-790X,REVISTA BRASILEIRA DE EPIDEMIOLOGIA,B3
1980-5497,REVISTA BRASILEIRA DE EPIDEMIOLOGIA,B3
1415-790X,REVISTA BRASILEIRA DE EPIDEMIOLOGIA (IMPRESSO),B3
0102-3098,REVISTA BRASILEIRA DE ESTUDOS DE POPULA��O (IMPRESSO),A2
1517-4115,REVISTA BRASILEIRA DE ESTUDOS URBANOS E REGIONAIS (ANPUR),B1
0034-723X,REVISTA BRASILEIRA DE GEOGRAFIA,B4
1519-1540,REVISTA BRASILEIRA DE GEOMORFOLOGIA,B2
2175-3423,REVISTA BRASILEIRA DE HIST�RIA & CI�NCIAS SOCIAIS,B3
2238-5126,REVISTA BRASILEIRA DE HIST�RIA DA M�DIA (RBHM),B5
1983-2850,REVISTA BRASILEIRA DE HIST�RIA DAS RELIGI�ES,B4
0102-0188,REVISTA BRASILEIRA DE HIST�RIA (IMPRESSO),A1
1806-9347,REVISTA BRASILEIRA DE HIST�RIA (ONLINE),A1
1984-6398,REVISTA BRASILEIRA DE LINGUISTICA APLICADA,B1
1809-5909,REVISTA BRASILEIRA DE MEDICINA DA FAM�LIA E COMUNIDADE,B4
2236-5877,REVISTA BRASILEIRA DE MONITORAMENTO E AVALIA��O,B5
2359-3466,REVISTA BRASILEIRA DE ODONTOLOGIA LEGAL,B4
1519-7530,REVISTA BRASILEIRA DE PALEONTOLOGIA,B2
0486-641X,REVISTA BRASILEIRA DE PSICAN�LISE,C 
0486-641X,REVISTA BRASILEIRA DE PSICAN�LISE (IMPRESSO),C 
1519-3829,REVISTA BRASILEIRA DE SA�DE MATERNO INFANTIL (IMPRESSO),B4
0303-7657,REVISTA BRASILEIRA DE SA�DE OCUPACIONAL,B4
1981-1659,REVISTA BRASILEIRA DE SEGURAN�A P�BLICA,B2
2317-8507,REVISTA BRASILEIRA DE SOCIOLOGIA,B3
1676-8965,REVISTA BRASILEIRA DE SOCIOLOGIA DA EMO��O (ONLINE),B3
2359-5582,REVISTA BRASILEIRA DE SOCIOLOGIA DO DIREITO,B3
1518-6784,REVISTA BRASILEIRA DO CARIBE (IMPRESSO),B4
0103-7072,REVISTA BRASILEIRA (RIO DE JANEIRO. 1941),B3
2317-0344,REVISTA BRASILIENSE DE P�S-GRADUA��O EM CI�NCIAS SOCIAIS,B4
2182-9187,REVISTA CABO DOS TRABALHOS,B5
2309-9712,REVISTA CABO-VERDIANA DE CIENCIAS SOCIAIS,B5
2525-2879,REVISTA CADERNOS DA EDUCA��O B�SICA,B4
2317-0352,REVISTA CAF� COM SOCIOLOGIA,B5
0719-1472,REVISTA CHILENA DE ANTROPOLOG�A,B1
1980-9425,REVISTA CI�NCIAS DA RELIGI�O: HIST�RIA E SOCIEDADE,B3
2177-6229,REVISTA CI�NCIAS SOCIAIS UNISINOS,B3
2237-0315,REVISTA COCAR (ONLINE),B3
2179-1287,REVISTA COLETIVA FUNDAJ,B5
0486-6525,REVISTA COLOMBIANA DE ANTROPOLOGIA,B1
0120-159X,REVISTA COLOMBIANA DE SOCIOLOGIA,B2
2236-4781,REVISTA COMPOLITICA,B4
1519-8227,REVISTA CONTRAPONTOS,B5
1980-4466,REVISTA CPC (USP),B5
0254-1106,REVISTA CR�TICA DE CI�NCIAS SOCIAIS,B1
0716-1557,REVISTA CUHSO CULTURA-HOMBRE-SOCIEDAD,B4
2316-9060,REVISTA CULTURA E EXTENS�O USP,B4
1679-2483,REVISTA DA ABET (IMPRESSO),B3
1518-1766,REVISTA DA ACADEMIA DE LETRAS DA BAHIA,B5
1679-768X,REVISTA DA ANPEGE,B3
2177-2770,REVISTA DA ASSOCIA��O BRASILEIRA DE PESQUISADORES/AS NEGROS/AS,B5
2177-2770,REVISTA DA ASSOCIA��O BRASILEIRA DE PESQUISADORES(AS) NEGROS(AS) - ABPN,B5
1984-3690,REVISTA DA CULTURA,C 
2238-0167,REVISTA DA EXTENS�O,B5
2236-7284,REVISTA DA FACULDADE DE DIREITO DA UFPR,B2
0104-3315,REVISTA DA FACULDADE DE DIREITO (UFPR),B2
1983-1374,REVISTA DA GRADUA��O (PUCRS),B5
2175-6783,REVISTA DA REDE DE ENFERMAGEM DO NORDESTE - REV RENE,B4
1678-3085,REVISTA DA SE��O JUDICI�RIA DO RIO DE JANEIRO,B5
2316-770X,REVISTA DA UFMG,B4
1984-3690,REVISTA DACULTURA,C 
0034-7612,REVISTA DE ADMINISTRA��O P�BLICA (IMPRESSO),B4
1678-9857,REVISTA DE ANTROPOLOGIA,A2
1984-6215,REVISTA DE ANTROPOLOGIA,B1
1678-9857,REVISTA DE ANTROPOLOGIA - USP,A2
1131-558X,REVISTA DE ANTROPOLOG�A SOCIAL,B2
0123-4471,REVISTA DE ANTROPOLOGIA Y SOCIOLOGIA DE LA UNIVERSIDAD DE CALDAS,B2
0188-3631,REVISTA DE ARQUEOLOGIA AMERICANA,B2
1851-3190,REVISTA DE ARQUEOLOG�A HIST�RICA ARGENTINA Y LATINOAMERICANA,B3
2237-8294,REVISTA DE ARQUEOLOGIA P�BLICA,B1
0102-0420,REVISTA DE ARQUEOLOGIA (SOCIEDADE DE ARQUEOLOGIA BRASILEIRA. IMPRESSO),A2
2178-4582,REVISTA DE CI�NCIAS HUMANAS,B4
0101-9589,REVISTA DE CI�NCIAS HUMANAS (UFSC),B4
0041-8862,REVISTA DE CI�NCIAS SOCIAIS - UNIVERSIDADE FEDERAL DO CEAR� - UFC - ECONOMIA E POL�TICA,B2
0303-9862,REVISTA DE CI�NCIAS SOCIAIS (FORTALEZA),B2
2318-4620,REVISTA DE CI�NCIAS SOCIAIS (UFC),B2
2175-6805,REVISTA DE CULTURA E EXTENS�O,B5
2237-583X,REVISTA DE DIREITO BRASILEIRA,B4
0103-2003,REVISTA DE ECONOMIA E SOCIOLOGIA RURAL (IMPRESSO),B1
2316-7556,REVISTA DE EDUCA��O HIST�RICA,B5
0104-5962,REVISTA DE EDUCA��O P�BLICA (UFMT),B2
1981-8963,REVISTA DE ENFERMAGEM UFPE ON LINE,B5
1887-4460,REVISTA DE ESTUDIOS INTERNACIONALES MEDITERR�NEOS,B3
1980-7325,REVISTA DE ESTUDOS AMAZ�NICOS,B3
1676-8698,REVISTA DE ESTUDOS CRIMINAIS,C 
2236-580X,REVISTA DE ESTUDOS DA RELIGI�O (REVER),B3
2446-7189,REVISTA DE ESTUDOS DE CULTURA,B5
2446-6972,REVISTA DE ESTUDOS E INVESTIGA��ES ANTROPOL�GICAS,B4
1984-1639,REVISTA DE ESTUDOS E PESQUISAS SOBRE AS AM�RICAS,B1
2319-0817,REVISTA DE ESTUDOS EMP�RICOS EM DIREITO,B4
2448-4245,REVISTA DE EXTENS�O,B4
1807-0221,REVISTA DE EXTENS�O,B5
2178-2016,REVISTA DE EXTENS�O DA UFS,B5
2447-3359,REVISTA DE GEOCI�NCIAS DO NORDESTE,B4
2238-6211,REVISTA DE GEOGRAFIA,B4
0104-5490,REVISTA DE GEOGRAFIA (RECIFE),B4
2236-837X,REVISTA DE GEOGRAFIA (UFJF),B5
2316-9141,REVISTA DE HIST�RIA,B2
1981-383X,REVISTA DE HIST�RIA COMPARADA (UFRJ),B3
1413-0874,REVISTA DE HIST�RIA DA ARTE E ARQUEOLOGIA,B4
1808-4001,REVISTA DE HIST�RIA DA BIBLIOTECA NACIONAL,B3
2316-4379,REVISTA DE HIST�RIA DA UEG,B5
2316-4379,REVISTA DE HIST�RIA DA UEG QUIRIN�POLIS,B5
0034-8309,REVISTA DE HISTORIA (USP),B2
0041-8676,REVISTA DE LA FACULTAD DE AGRONOM�A (LA PLATA),B2
1982-842X,REVISTA DE LETRAS (TAGUATINGA),B5
1415-5273,REVISTA DE NUTRI��O (IMPRESSO),B3
0034-8635,REVISTA DE OCCIDENTE,B2
1980-8178,REVISTA DE PATOLOGIA TROPICAL (ONLINE),B4
2175-1390,REVISTA DE PSICOLOGIA POL�TICA,B4
1518-8787,REVISTA DE SA�DE P�BLICA (ONLINE),B1
1413-8131,REVISTA DE TECNOLOGIA E AMBIENTE,C 
2237-907X,REVISTA DE TEOLOGIA E CI�NCIAS DA RELIGI�O DA UNICAP,B5
2175-5892,REVISTA DE TEORIA DA HIST�RIA,B4
1665-8612,REVISTA DEL CENTRO DE INVESTIGACI�N,B5
2081-1160,REVISTA DEL CESLA,B3
1851-832X,REVISTA DENSIDADES (ONLINE),B3
2319-0558,REVISTA DIGITAL DE DIREITO ADMINISTRATIVO,B4
2317-2738,"REVISTA DIGITAL DO INSTITUTO LATINO-AMERICANO DE ARTE, CULTURA E HIST�RIA- UNILA",B5
1983-7348,REVISTA DIGITAL DO LAV,B3
2237-0021,REVISTA DIREITO AMBIENTAL E SOCIEDADE,B5
2179-8966,REVISTA DIREITO E PR�XIS,B3
2176-6622,REVISTA DIREITO EM DEBATE,B4
2318-2016,REVISTA DIVERSITAS,B5
1983-6031,REVISTA DO ARQUIVO GERAL DA CIDADE DO RIO DE JANEIRO,C 
0034-9216,REVISTA DO ARQUIVO MUNICIPAL (S�O PAULO),B5
2317-1480,REVISTA DO CENTRO DE ESTUDOS RURAIS (RURIS),B3
2236-2878,REVISTA DO DEPARTAMENTO DE GEOGRAFIA,B3
2236-0883,REVISTA DO GELNE,B3
1517-1957,REVISTA DO IBRAC,B5
2318-1869,REVISTA DO IMEA-UNILA,B5
0103-1945,"REVISTA DO INSTITUTO ARQUEOL�GICO, HIST�RICO E GEOGR�FICO PERNAMBUCANO",C 
2316-901X,REVISTA DO INSTITUTO DE ESTUDOS BRASILEIROS,B3
1981-9528,REVISTA DO INSTITUTO HIST�RICO E GEOGR�FICO DO ESP�RITO SANTO,C 
2359-0831,REVISTA DO INSTITUTO HIST�RICO E GEOGR�FICO DO PAR�,B3
1413-3873,REVISTA DO MINIST�RIO P�BLICO (RIO DE JANEIRO),C 
2448-1750,REVISTA DO MUSEU DE ARQUEOLOGIA E ETNOLOGIA,B2
0103-9709,REVISTA DO MUSEU DE ARQUEOLOGIA E ETNOLOGIA,B2
2179-7137,REVISTA DO N�CLEO DE ESTUDOS E PESQUISAS EM G�NERO & DIREITO (UFPB),B5
2175-2591,REVISTA DO NUFEN,B3
2316-7408,REVISTA DO TRIBUNAL DE CONTAS DO ESTADO/SERGIPE,C 
1982-1506,REVISTA DO TRIBUNAL REGIONAL FEDERAL DA TERCEIRA REGI�O,C 
1981-9684,REVISTA DOS ESTUDANTES DE DIREITO DA UNIVERSIDADE DE BRAS�LIA,C 
1852-3420,REVISTA DOS PUNTAS,B4
0034-9275,REVISTA DOS TRIBUNAIS (S�O PAULO. IMPRESSO),C 
0100-4956,REVISTA ECON�MICA DO NORDESTE,B4
2175-8689,REVISTA ECO-P�S (ONLINE),B4
2237-2334,REVISTA EDUCA��O A DIST�NCIA,C 
1984-3178,"REVISTA EDUCA��O, ARTES E INCLUS�O",B5
1982-7636,REVISTA ELETR�NICA DE DIREITO PROCESSUAL,B4
1982-7199,REVISTA ELETR�NICA DE EDUCA��O (S�O CARLOS),B4
2176-963X,REVISTA ELETR�NICA DO CEDOC/SEME,C 
1517-1256,REVISTA ELETR�NICA DO MESTRADO EM EDUCA��O AMBIENTAL,B3
2176-5804,REVISTA ELETR�NICA DOCUMENTO/MONUMENTO,B4
2236-1170,"REVISTA ELETR�NICA EM GEST�O, EDUCA��O E TECNOLOGIA AMBIENTAL",B4
1981-2434,REVISTA ELETR�NICA HIST�RIA EM REFLEX�O (UFGD),B4
2238-1651,REVISTA ELETR�NICA TRILHAS DA HIST�RIA,B4
1678-1813,REVISTA ENFOQUES (RIO DE JANEIRO),B4
2175-0564,REVISTA ENSAIOS,C 
2422-5541,REVISTA ENSAMBLES,B5
2317-3491,REVISTA EQUADOR,B5
2317-3491,REVISTA EQUADOR (UFPI),B5
2446-5674,REVISTA EQUATORIAL - REVISTA DOS ALUNOS DO PROGRAMA DE P�S-GRADUA��O EM ANTROPOLOGIA SOCIAL,B5
1519-6186,REVISTA ESPA�O ACAD�MICO (UEM),B4
2179-7943,REVISTA ESPA�O JUR�DICO,B5
2238-0302,REVISTA ESPA�O PEDAG�GICO,B4
0556-6533,REVISTA ESPA�OLA DE ANTROPOLOG�A AMERICANA,A2
2317-0611,REVISTA ESPINHA�O,B4
2238-362X,REVISTA EST�TICA E SEMI�TICA,B5
0121-5167,REVISTA ESTUDIOS POLITICOS,B3
2238-3921,REVISTA ESTUDOS AMAZ�NICOS,B2
1806-9584,REVISTA ESTUDOS FEMINISTAS,A1
2387-1555,REVISTA EUROAMERICANA DE ANTROPOLOGIA,B5
0924-0608,REVISTA EUROPEA DE ESTUDIOS LATINOAMERICANOS Y DEL CARIBE,B2
2237-9460,REVISTA EXITUS,B5
2179-5320,REVISTA EXTENS�O E ESTUDOS RURAIS (REVER),B5
2236-3467,REVISTA EXTRAPRENSA,B3
2317-2932,REVISTA FEMINISMOS,B4
2357-8300,REVISTA FLORESTAN,B5
1982-3916,REVISTA F�RUM IDENTIDADES,B4
2317-2983,REVISTA FSA (FACULDADE SANTO AGOSTINHO),B4
2317-2983,REVISTA FSA (FACULDADE SANTO AGOSTINHO) (ONLINE),B4
0102-6933,REVISTA GA�CHA DE ENFERMAGEM (UFRGS),B5
2177-0409,REVISTA G�NERO & DIREITO,B3
2358-1778,REVISTA GEOAMAZ�NIA,B4
2238-0205,REVISTA GEOGRAFICIDADE - UNIVERSIDADE FEDERAL FLUMINENSE,B4
2237-1419,REVISTA GEONORTE,B5
1517-4999,REVISTA GEOPANTANAL,B4
2315-028X,REVISTA GEOUECE,B5
2317-9899,REVISTA GERA��O Z,C 
1983-4535,REVISTA GESTAO UNIVERSITARIA NA AMERICA LATINA - GUAL,B3
1809-7065,REVISTA HABITUS,B5
1982-209X,REVISTA HIST�RIA AGORA,B4
2237-6569,REVISTA HIST�RIA E DIVERSIDADE,B5
1983-0831,REVISTA HIST�RIA (RIO DE JANEIRO),B5
2178-1141,REVISTA HIST�RIA SOCIAL,B4
2316-4808,REVISTA HOMINUM,C 
2236-6040,REVISTA IBEROAMERICANA DE TURISMO,B4
1984-9834,REVISTA IDEAS (ONLINE),B5
2177-2649,REVISTA ILHA DIGITAL,B5
1984-1191,REVISTA ILUMINURAS,B1
2011-4680,"REVISTA �MPETUS, EDUCACI�N F�SICA, RECREACI�N Y DEPORTE",B5
0719-4706,REVISTA INCLUSIONES - REVISTA DE HUMANIDADES Y CIENCIAS SOCIALES,B4
2318-9568,REVISTA INTERDISCIPLINAR DE DIREITOS HUMANOS,B4
2447-2948,REVISTA INTERDISCIPLINAR DE PESQUISA E INOVA��O,B5
2447-6498,REVISTA INTERDISCIPLINAR EM CULTURA E SOCIEDADE,B4
2316-3348,REVISTA INTERFACES CIENT�FICAS - HUMANAS E SOCIAIS,B4
2447-7915,REVISTA INTERFACIS,C 
2176-6789,REVISTA INTRATEXTOS,B5
1983-4810,REVISTA JESUS HIST�RICO,C 
2176-6045,REVISTA JIOP,C 
2027-7679,REVISTA LATINOAMERICANA DE CIENCIAS SOCIALES,B2
1852-8759,"REVISTA LATINOAMERICANA DE ESTUDIOS SOBRE CUERPOS, EMOCIONES Y SOCIEDAD",B4
2177-2886,REVISTA LATINO-AMERICANA DE GEOGRAFIA E G�NERO,B3
2238-0620,REVISTA LATINO-AMERICANA DE HIST�RIA,B5
2317-2347,REVISTA LETRAS RARAS,B5
2318-423X,REVISTA LIMIAR,B5
2079-312X,REVISTA LINGU�STICA (ONLINE),B4
2237-1451,REVISTA LUGARES DE EDUCA��O,B5
0104-9313,REVISTA MANA,A1
2359-0092,REVISTA MARACANAN,B3
2358-0593,REVISTA MEMORARE,B4
2177-4129,REVISTA MEM�RIA EM REDE,B3
1026-8774,REVISTA MEXICANA DE CIENCIAS GEOL�GICAS,B2
0185-1918,REVISTA MEXICANA DE CIENCIAS POL�TICAS Y SOCIALES,B2
1808-5024,REVISTA MULHERES E LITERATURA,B3
2526-3188,REVISTA MUNDA�,B4
2238-8788,REVISTA MUNDO ANTIGO,B5
2316-4026,REVISTA MUSEAR,B5
2238-5436,REVISTA MUSEOLOGIA & INTERDISCIPLINARIDADE,B4
2238-5436,REVISTA MUSEOLOGIA E INTERDISCIPLINARIDADE,B4
1981-6332,REVISTA MUSEU,C 
0716-2790,REVISTA MUSICAL CHILENA (IMPRESA),B2
1806-6755,REVISTA NERA (UNESP),B3
1981-156X,REVISTA NURES,B4
2317-8590,REVISTA �ANDUTY,B5
2238-1082,REVISTA OLHARES SOCIAIS,B5
2238-0299,REVISTA OSESP,C 
2236-5567,REVISTA PARANAENSE DE DESENVOLVIMENTO (ONLINE),B2
2358-0879,REVISTA PATRIMONIUM,B5
2358-0844,REVISTA PERI�DICUS,B5
1981-4801,REVISTA PERSPECTIVA GEOGR�FICA (ONLINE),B5
1516-3156,REVISTA PLURAL (RIO DE JANEIRO),B4
1517-5901,REVISTA POL�TICA E TRABALHO,B1
2236-0514,REVISTA POLYPHON�A,B5
0870-9025,REVISTA PORTUGUESA DE SA�DE P�BLICA,B2
2236-9473,REVISTA P�S CI�NCIAS SOCIAIS,B2
2236-9473,REVISTA P�S-CIENCIAS SOCIAIS,B2
1983-4527,REVISTA P�S-CI�NCIAS SOCIAIS,B2
1807-3492,REVISTA P�S-CI�NCIAS SOCIAIS,B2
2176-0969,REVISTA PSIC�LOGO INFORMA��O,B5
2237-339X,REVISTA REBELA,B4
2238-8478,REVISTA REVESTR�S,C 
2238-3867,REVISTA SALA PRETA,B4
2238-3867,REVISTA SALA PRETA ELETR�NICA,B4
2238-359X,REVISTA SEM ASPAS,B5
2357-9668,REVISTA SEMANA DA �FRICA NA UFRGS,C 
2359-6430,REVISTA SENSO COMUM,B5
2236-7527,REVISTA SOCIOLOGIA & ANTROPOLOGIA,A2
2238-3875,REVISTA SOCIOLOGIA E ANTROPOLOGIA,A2
1809-3957,REVISTA SODEBRAS,C 
2179-8168,REVISTA TARAIRI�,B4
1982-0305,REVISTA TEIAS (UERJ. ONLINE),B5
2177-6644,"REVISTA TEMPO, ESPA�O E LINGUAGEM",B5
1678-5665,REVISTA TEMPOS ACAD�MICOS (UNESC),B5
2358-1425,REVISTA TEMPOS E ESPA�OS EM EDUCA��O (ONLINE),B3
1983-1463,REVISTA TEMPOS HIST�RICOS,B3
2177-0441,REVISTA TESSITURAS,B3
2447-7044,REVISTA TEXTOS GRADUADOS,B5
1515-6443,REVISTA THEOMAI (EN L�NEA),B2
1980-6914,REVISTA TODAS AS LETRAS (MACKENZIE. ONLINE),B3
2318-9010,REVISTA TOMO,B3
1688-6348,REVISTA TRAMA CULTURA Y PATRIMONIO,B5
2318-0277,REVISTA TRANSGRESS�ES,C 
1808-169X,REVISTA TR�S [...] PONTOS (UFMG),B4
2179-5797,REVISTA TUCUNDUBA,B5
2316-1655,REVISTA ULTRAMARES,B4
1517-3275,REVISTA UNIVAP,B4
0104-9259,REVISTA UNIVERSIDADE RURAL. SERIE CIENCIAS HUMANAS,B4
2254-6111,REVISTA UNIVERSITARIA DE HISTORIA MILITAR,C 
1688-4949,REVISTA UNIVERSIT�RIA DE LA EDUCACI�N F�SICA Y EL DEPORTE,B5
1982-0720,REVISTA UNIVERSITAS: RELA��ES INTERNACIONAIS,B5
2316-9036,REVISTA USP,B2
0103-9989,REVISTA USP,B2
2358-6117,"RE-VISTA VERDADE, MEM�RIA E JUSTI�A",C 
1410-0991,REVISTA VERITAS,B3
1678-8931,REVISTA VIRTUAL DE ESTUDOS DA LINGUAGEM,B3
2317-6628,REVISTA VIRTUAL EN_FIL - ENCONTROS COM A FILOSOFIA,B5
2446-8290,REVISTA VISAGEM,B5
2182-9489,REVISTA VOX MUSEI,B5
1980-9921,REVISTA Z CULTURAL (UFRJ),B5
0990-5642,REVUE DU MAUSS (CESSOU EM 1992. CONT. ISSN 1247-4819 REVUE DU MAUSS SEMESTRIELLE),B2
1981-3708,ROBRAC (ONLINE) (GOI�NIA),B5
2318-9304,ROMANITAS - REVISTA DE ESTUDOS GRECOLATINOS,B4
2178-9061,ROSA DOS VENTOS,B3
1752-1580,"ROSETA - PAPERS OF THE DEPARTAMENT OF CLASSICS, ANCIENT HISTORY AND ARCHAEOLOGY AT THE UNIVERSITY OF BIRMINGHAM",B4
2054-5703,ROYAL SOCIETY OPEN SCIENCE,B5
2318-7344,@RQUIVO BRASILEIRO DE EDUCA��O,B3
2175-4705,R@U : REVISTA DE ANTROPOLOGIA SOCIAL DOS ALUNOS DO PPGAS-UFSCAR,B1
0870-0672,RUNA (LISBOA),B3
1900-1495,RUPESTREWEB: ARTE RUPESTRE EN AM�RICA LATINA,B5
1980-1998,RURIS (CAMPINAS),B3
2317-6725,SAECULUM: REVISTA DE HIST�RIA,B5
2174-517X,SAGUNTUM,A1
2007-5790,SALUD PROBLEMA,B4
0036-3634,SALUD P�BLICA DE M�XICO (IMPRESA),B1
1984-0470,SA�DE E SOCIEDADE (ONLINE),B1
0104-1290,SA�DE E SOCIEDADE (USP. IMPRESSO),B1
0103-1104,SAUDE EM DEBATE,B3
1095-9203,"SCIENCE (NEW YORK, N.Y.: ONLINE)",A1
2238-6254,"SCIENTIA- REVISTA DE ENSINO, PESQUISA E EXTENS�O",B5
1678-3166,SCIENTIAE STUDIA (USP),B2
2358-3428,SCRIPTA,B2
2179-8095,S�CULO XXI - REVISTA DE CI�NCIAS SOCIAIS,B2
2236-6725,S�CULO XXI - REVISTA DE CI�NCIAS SOCIAIS,B2
2179-8095,S�CULO XXI REVISTA DE CI�NCIAS SOCIAIS,B2
0037-0738,SEDIMENTARY GEOLOGY,B1
2178-8324,"SEGURAN�A, JUSTI�A E CIDADANIA - PESQUISAS APLICADAS EM SEGURAN�A P�BLICA",B5
1679-0383,SEMINA. CI�NCIAS SOCIAIS E HUMANAS (ONLINE),B4
1022-0364,SERIE ANTROPOLOG�A,B3
1980-9867,S�RIE ANTROPOLOGIA (BRAS�LIA. ONLINE),B4
1682-0045,SEXOLOG�A Y SOCIEDAD,B5
1877-5756,SEXUAL & REPRODUCTIVE HEALTHCARE,B4
1984-6487,"SEXUALIDAD, SALUD Y SOCIEDAD (RIO DE JANEIRO)",B1
1938-6419,SEXUALIDADES,C 
2237-4876,SIGNUM [LONDRINA]: ESTUDOS DE LINGUAGEM,B3
2316-1620,SIMBI�TICA,B4
2316-1620,SIMBI�TICA. REVISTA ELETR�NICA,B4
1809-9815,SINAIS SOCIAIS,B5
2177-6784,SISTEMA PENAL & VIOL�NCIA REVISTA ELETR�NICA DA FACULDADE DE DIREITO PROGRAMA DE P�S-GRADUA��O EM CI�NCIAS CRIMINAIS,B5
1389-9457,SLEEP MEDICINE (AMSTERDAM. PRINT),B2
1466-0970,SOCCER AND SOCIETY,B2
1469-8676,SOCIAL ANTHROPOLOGY,A2
0037-7686,SOCIAL COMPASS (IMPRIM�),A2
1350-4630,SOCIAL IDENTITIES (PRINT),A2
0933-7954,SOCIAL PSYCHIATRY AND PSYCHIATRIC EPIDEMIOLOGY (PRINT),B3
1874-8937,SOCIAL SCIENCES AND MISSIONS (PRINT),B4
0326-9795,SOCIEDAD Y RELIGI�N,B2
1982-4513,SOCIEDADE & NATUREZA,B3
1982-4513,SOCIEDADE & NATUREZA (UFU. ONLINE),B3
1415-8566,SOCIEDADE E CULTURA (IMPRESSO),A2
1980-8194,SOCIEDADE E CULTURA (ONLINE),A2
0102-6992,SOCIEDADE E ESTADO (UNB. IMPRESSO),B1
0037-9735,SOCIETY OF HISTORICAL ARCHAEOLOGY NEWSLETTER,B4
2238-3875,SOCIOLOGIA & ANTROPOLOGIA,A2
2238-3875,SOCIOLOGIA & ANTROPOLOGIA,A2
0210-8364,SOCIOLOG�A DEL TRABAJO,B1
2236-7527,SOCIOLOGIA E ANTROPOLOGIA,A2
0872-3419,SOCIOLOGIA (PORTO),B4
2182-7907,"SOCIOLOGIA, PROBLEMAS E PR�TICAS",B2
1980-8747,SOCIOLOGIA (S�O PAULO. 2006),B3
2316-9249,SOCIOLOGIAS PLURAIS,B5
2316-9249,SOCIOLOGIAS PLURAIS: REVISTA DISCENTE DO PROGRAMA DE P�S-GRADUA��O EM SOCIOLOGIA,B5
1807-0337,SOCIOLOGIAS (UFRGS),A2
2447-2670,SOCIOLOGIES IN DIALOGUE,B5
2159-5526,SOCIOLOGY STUDY,B5
1518-4765,SOMANLU (UFAM),B5
1386-1425,"SPECTROCHIMICA ACTA. PART A, MOLECULAR AND BIOMOLECULAR SPECTROSCOPY (PRINT)",B3
0039-3630,STUDIES IN CONSERVATION,B3
2447-147X,STUDIUM - REVISTA DE FILOSOFIA E TEOLOGIA DA FACULDADE SEDAC,C 
1519-4388,STUDIUM (UNICAMP),B3
0378-9896,SUPLEMENTO ANTROPOL�GICO,B4
1983-3342,SUR. REVISTA INTERNACIONAL DE DIREITOS HUMANOS,B3
2179-8168,TARAIRI�. REVISTA ELETR�NICA DO LABORAT�RIO DE ARQUEOLOGIA E PALEONTOLOGIA DA UEPB.,B4
2238-8079,"TEAR: REVISTA DE EDUCA��O, CI�NCIA E TECNOLOGIA",B4
1519-9452,TELLUS (UCDB),B1
0213-084X,TELOS (MADRID),B2
0716-7423,TEMAS DE EDUCACI�N,B5
1413-389X,TEMAS EM PSICOLOGIA (RIBEIR�O PRETO),B4
1807-8931,TEM�TICA,B4
1413-2486,TEM�TICAS (UNICAMP),B3
2357-7274,TEMPO AMAZ�NICO,B5
0102-8782,TEMPO BRASILEIRO,B1
1981-4798,TEMPO DA CI�NCIA,B5
1414-3089,TEMPO DA CI�NCIA (UNIOESTE),B5
1980-542X,TEMPO (NITER�I. ONLINE),B2
0103-2070,TEMPO SOCIAL (USP. IMPRESSO),B2
1984-6150,TEMPORALIDADES,B5
1678-5665,TEMPOS ACAD�MICOS (UNESC),B5
2178-0811,TEMPOS ACAD�MICOS (UNESC),B5
1983-6597,TEMPOS E ESPA�OS EM EDUCA��O,B5
1982-8829,TEMPUS ACTAS DE SA�DE COLETIVA,B5
1982-8829,TEMPUS ACTAS EM SA�DE COLETIVA,B5
1677-9460,TEND�NCIAS (CRATO),B5
1518-4471,TEORIA & SOCIEDADE (UFMG),B1
1809-5968,TEORIA E CULTURA,B5
1809-5968,TEORIA E CULTURA (UFJF),B5
1809-5968,TEORIA E CULTURA (UFJF),B5
1517-9737,TERESA (USP),B1
1679-2297,TERRAE (ONLINE),B5
1984-9036,TERRIT�RIOS E FRONTEIRAS (ONLINE),B4
2177-0441,TESSITURAS,B3
2318-9576,TESSITURAS: REVISTA DE ANTROPOLOGIA E ARQUEOLOGIA,B3
2317-1448,TEXTOS E DEBATES - REVISTA DE FILOSOFIA E CI�NCIAS HUMANAS DA UNIVERSIDADE FEDERAL DE RORAIMA,B4
1413-9987,TEXTOS E DEBATES (UFRR),B4
1981-9935,TEXTOS ESCOLHIDOS DE CULTURA E ARTE POPULARES (IMPRESSO),B3
1415-3777,TEXTOS GRADUADOS (UNB),B5
2358-0801,TEXTURA - ULBRA,B4
0003-1615,THE AMERICAS (WASHINGTON. 1944),B1
0003-3219,THE ANGLE ORTHODONTIST,B3
1178-704X,THE APPLICATION OF CLINICAL GENETICS,B4
2214-790X,THE EXTRACTIVE INDUSTRIES AND SOCIETY,B5
1479-5868,THE INTERNATIONAL JOURNAL OF BEHAVIOURAL NUTRITION AND PHYSICAL ACTIVITY (ONLINE),B3
1027-3719,THE INTERNATIONAL JOURNAL OF TUBERCULOSIS AND LUNG DISEASE,B1
1740-357X,THE JOURNAL OF SPECIALISED TRANSLATION,B5
2214-109X,THE LANCET GLOBAL HEALTH,B4
0099-5355,THE LANCET (NORTH AMERICAN EDITION),B2
1874-9151,THE OPEN BUSINESS JOURNAL,C 
0034-6586,THE REVIEW OF INCOME AND WEALTH,B3
0043-8774,THE WORLD OF MUSIC (WILHELMSHAVEN),B4
1545-4703,TIPITI,B1
1517-4549,TOMO (UFS),B3
2237-101X,TOPOI (ONLINE): REVISTA DE HISTORIA,B1
2183-0266,TRABALHOS DE ANTROPOLOGIA E ETNOLOGIA,B3
0103-3786,TRANSINFORMA��O,B3
2318-0889,TRANSINFORMA��O,B3
0103-5576,TRAVESSIA (SAO PAULO),B4
2238-1651,TRILHAS DA HIST�RIA,B4
2176-4891,TRIVIUM,B4
2255-5463,TROPEL�AS: REVISTA DE TEOR�A DE LA LITERATURA Y LITERATURA COMPARADA,B3
1981-4518,UAKARI (BEL�M. ONLINE),B5
1981-450X,UAKARI (IMPRESSO) (BEL�M),B5
1980-8305,�LTIMO ANDAR (PUCSP. ONLINE),B5
0120-4807,UNIVERSITAS HUMANISTICA,B1
1807-2135,UNIVERSITAS. RELA��ES INTERNACIONAIS (IMPRESSO),B5
0894-6019,URBAN ANTHROPOLOGY AND STUDIES OF CULTURAL SYSTEMS AND WORLD ECONOMIC DEVELOPMENT,B1
1982-0569,URBANA - REVISTA ELETR�NICA DO CENTRO INTERDISCIPLINAR DE ESTUDOS DA CIDADE,B4
2239-5725,URBANITIES,B3
1414-5731,URDIMENTO (UDESC),B2
0104-8775,VARIA HIST�RIA (UFMG. IMPRESSO),B1
0939-6314,VEGETATION HISTORY AND ARCHAEOBOTANY,A2
2318-6062,VENTILANDO ACERVOS,B5
1806-3845,VEREDAS DO DIREITO (BELO HORIZONTE),B2
1981-5875,VEST�GIOS. REVISTA LATINO-AMERICANA DE ARQUEOLOGIA HIST�RICA,B1
1809-4341,VIBRANT (FLORIAN�POLIS),A1
1809-4341,VIBRANT (ONLINE),A1
0924-2031,VIBRATIONAL SPECTROSCOPY (PRINT),B2
1981-4062,VISO : CADERNOS DE EST�TICA APLICADA,B3
0104-3064,VIV�NCIA ? REVISTA DE ANTROPOLOGIA,B1
0104-3064,VIV�NCIA ? REVISTA DE ANTROPOLOGIA,B1
2238-6009,VIV�NCIA: REVISTA DE ANTROPOLOGIA,B1
2222-0763,"VOICES. THEOLOGICAL JOURNAL OF EATWOT, ECUMENICAL ASSOCIATION OF THIRD WORLD THEOLOGIANS",C 
2446-8371,WAMON - REVISTA DOS ALUNOS DO PROGRAMA DE P�S-GRADUA��O EM ANTROPOLOGIA SOCIAL DA UFAM,B5
2056-4864,WATERLAT-GOBACIT NETWORK WORKING PAPERS,C 
2178-1486,WEB-REVISTA SOCIODIALETO,B5
2178-1486,WEB-REVISTA SOCIODIALETO,B5
0277-5395,WOMEN'S STUDIES INTERNATIONAL FORUM,B4
2045-5763,WORKING PAPERS SERIES,C 
1932-6270,WORLD CULTURAL PSYCHIATRY RESEARCH REVIEW,B4
0049-8246,X-RAY SPECTROMETRY,B1
1982-9108,ZONA DE IMPACTO,C 
