ISSN	T�tulo	Estrato
0011-7641	A DEFESA NACIONAL	B5
1413-6090	A ECONOMIA EM REVISTA	B3
2178-8839	A POL�TICA EXTERNA CHINESA E A APROXIMA��O COM O IR�: INTERDEPEND�NCIA ECON�MICA OU ALTERA��O NO EQUIL�BRIO DE PODER NO ORIENTE M�DIO	B2
1539-7890	ABA BANK MARKETING	C 
1984-2090	ABRIL (NITER�I)	B4
1516-3210	A&C. REVISTA DE DIREITO ADMINISTRATIVO & CONSTITUCIONAL (IMPRESSO)	B5
2156-5155	ACADEMY OF BUSINESS EDUCATION. JOURNAL	C 
2238-0701	A��O MIDI�TICA - ESTUDOS EM COMUNICA��O, SOCIEDADE E CULTURA	B4
2238-0701	A��O MIDI�TICA - ESTUDOS EM COMUNICA��O, SOCIEDADE E CULTURA	B4
1677-8855	ACHEGAS.NET	B5
2177-4307	ACTA GEOGRAFICA	B3
1980-5772	ACTA GEOGR�FICA (UFRR)	B3
1679-7361	ACTA SCIENTIARUM. HUMAN AND SOCIAL SCIENCES (IMPRESSO)	B3
2519-7355	ACTUALIDAD BRICS- BOLETIN DE RELACIONES INTERNACIONALES	B3
1969-6728	ACTUEL MARX	A2
0306-4603	ADDICTIVE BEHAVIORS	B1
2175-5787	ADMINISTRA��O P�BLICA E GEST�O SOCIAL	B2
2177-3416	ADVOCATUS	C 
2375-6314	AEROSPACE MEDICINE AND HUMAN PERFORMANCE	A2
1993-8233	AFRICAN JOURNAL OF BUSINESS MANAGEMENT	B3
2318-8499	AGENDA POL�TICA	B3
0103-3557	AGORA (FLORIANOPOLIS)	B5
2525-877X	AGROPAMPA: REVISTA DE GEST�O DO AGRONEG�CIO	B5
1555-385X	AIR & SPACE POWER JOURNAL (PRINT)	A2
2179-1430	ALCANCEAD - REVISTA ELETR�NICA DE EAD DA UNIRIO	C 
2175-7402	ALCEU (ONLINE)	B4
1518-8728	ALCEU (PUCRJ)	B4
2236-4633	ALMANACK	C 
0304-3754	ALTERNATIVES (AMSTERDAM)	A2
0753-4973	ALYTES: INTERNATIONAL JOURNAL OF BATRACHOLOGY	A2
2317-4757	AMAZ�NIA EM FOCO: CI�NCIA E TECNOLOGIA	B2
1809-4422	AMBIENTE & SOCIEDADE (ONLINE)	A2
1414-753X	AMBIENTE E SOCIEDADE (CAMPINAS)	A2
1518-0360	�MBITO JUR�DICO	C 
1130-2887	AM�RICA LATINA HOY	A2
2162-139X	AMERICAN INTERNATIONAL JOURNAL OF CONTEMPORARY RESEARCH	B3
0090-0036	AMERICAN JOURNAL OF PUBLIC HEALTH (1971)	A1
2250-4982	ANACRONISMO E IRRUPCI�N. REVISTA DE TEOR�A POL�TICA CL�SICA Y MODERNA	B4
0102-9924	AN�LISE ECON�MICA (UFRGS)	B3
2525-457X	AN�LISE ESTRAT�GICA	B5
0003-2573	AN�LISE SOCIAL	B1
2182-2999	AN�LISE SOCIAL - REVISTA DO INSTITUTO DE CI�NCIAS SOCIAIS DA UNIVERSIDADE DE LISBOA	B1
1870-0063	ANDAMIOS -REVISTA DE INVESTIGACI�N SOCIAL	B1
0101-191X	�NGULO (FATEA. IMPRESSO)	B5
2175-7119	ANIMA: REVISTA ELETR�NICA DO CURSO DE DIREITO DA OPET	B5
1094-2939	ANNUAL REVIEW OF POLITICAL SCIENCE (PALO ALTO, CALIF. PRINT)	A1
1984-3356	ANT�TESES (LONDRINA)	B3
1980-9484	ANU�RIO BRASILEIRO DE DIREITO INTERNACIONAL	B5
1983-7364	ANU�RIO BRASILEIRO DE SEGURAN�A P�BLICA	B4
1852-5784	ANUARIO CEEED - CENTRO DE ESTUDIOS ECON�MICOS DE LA EMPRESA Y EL DESARROLLO	B4
1317-0953	ANU�RIO DE LA INTEGRACI�N REGIONAL DE AM�RICA LATINA E EL GRAN CARIBE	B2
1317-0953	ANUARIO DE LA INTEGRACI�N REGIONAL DE AM�RICA LATINA Y EL GRAN CARIBE	B2
2216-1082	ANUARIO DE LA SEGURIDAD REGIONAL EN AMERICA LATINA Y EL CARIBE	B2
2152-7385	APPLIED MATHEMATICS	C 
2238-3905	APRENDIZAGEM SIGNIFICATIVA EM REVISTA	C 
2358-2472	ARAC� � DIREITOS HUMANOS EM REVISTA	B5
1578-0007	AR@CNE (BARCELONA)	B3
1853-8630	ARGENTINA HETERODOXA	B4
0187-5795	ARGUMENTOS (M�XICO)	B3
1806-5627	ARGUMENTOS (UNIMONTES)	C 
1853-9467	ARIADNA TUCMA: REVISTA LATINOAMERICANA	B4
1809-6298	ARQUITEXTOS (S�O PAULO)	B5
2318-5422	ARQUIVOS DO CMD	B5
2178-3845	ARTCULTURA_REVISTA DE HIST�RIA, CULTURA E ARTE UBERL�NDIA	B4
2115-6395	ARTELOGIE (ONLINE)	B4
0924-8463	ARTIFICIAL INTELLIGENCE AND LAW (DORDRECHT. PRINT)	A2
2525-7099	ARTIGOS ESTRAT�GICOS	B5
2047-2528	ASIAN JOURNAL OF BUSINESS AND MANAGEMENT SCIENCES	B4
2238-3069	�SKESIS	B5
0716-1840	ATENEA (CONCEPCI�N. IMPRESA)	B1
2318-9428	AUFKL�RUNG: REVISTA DE FILOSOFIA	B3
1982-6672	AURORA (PUCSP. ONLINE)	B4
1982-8004	AURORA (UNESP. MAR�LIA)	B5
2238-6912	AUSTRAL - BRAZILIAN JOURNAL OF STRATEGY & INTERNATIONAL RELATIONS	B2
2238-6912	AUSTRAL: BRAZILIAN JOURNAL OF STRATEGY & INTERNATIONAL RELATIONS	B2
2238-6262	AUSTRAL BRAZILIAN JOURNAL OF STRATEGY & INTERNATIONAL RELATIONS	B2
2238-6262	AUSTRAL: REVISTA BRASILEIRA DE ESTRAT�GIA E RELA��ES INTERNACIONAIS	B2
2109-9561	AUTREPART (EN LIGNE)	B3
1414-4077	AVALIA��O: REVISTA DA AVALIA��O DA EDUCA��O SUPERIOR	B3
2446-6085	AYVU - REVISTA DE PSICOLOGIA	B4
0103-8117	BAHIA ANALISE & DADOS	B4
0103-8117	BAHIA AN�LISE & DADOS	B4
2315-6899	BASIC RESEARCH JOURNAL OF BUSINESS MANAGEMENT AND ACCOUNTS	B3
2040-3151	BATH PAPERS IN INTERNATIONAL DEVELOPMENT AND WELLBEING	B5
2316-6614	BELAS INFI�IS	B4
1516-8085	BIB. REVISTA BRASILEIRA DE INFORMA��O BIBLIOGR�FICA EM CI�NCIAS SOCIAIS	B2
0960-3115	BIODIVERSITY AND CONSERVATION	A1
0730-7659	BIRTH (BERKELEY, CALIF.)	A1
2236-3637	BOLETIM CAMPINEIRO DE GEOGRAFIA	B5
1982-1522	BOLETIM CEDES	B3
2237-6208	BOLETIM DE AN�LISE POL�TICO-INSTITUCIONAL	B4
2237-6208	BOLETIM DE AN�LISE POL�TICO-INSTITUCIONAL	B4
2525-5266	BOLETIM DE CONJUNTURA NERINT	B5
2176-9915	BOLETIM DE ECONOMIA E POL�TICA INTERNACIONAL	B4
2176-9915	BOLETIM DE ECONOMIA E POL�TICA INTERNACIONAL (IPEA)	B4
2176-4786	BOLETIM DE GEOGRAFIA (ONLINE)	B4
1981-3384	BOLETIM DO TEMPO PRESENTE	B4
2446-7014	BOLETIM GEOCORRENTE	B5
2446-7251	BOLETIM GEOGR�FICO DO RIO GRANDE DO SUL	B5
1676-3661	BOLETIM IBCCRIM	B5
1809-8827	BOLETIM OPSA	B4
2357-7681	BPC PAPERS	C 
2318-1818	BPC POLICY BRIEF	B5
1981-3821	BPSR - BRAZILIAN POLITICAL SCIENCE REVIEW	A2
1808-1983	BRASIL EM N�MEROS (EDI��O EM INGL�S. IMPRESSO)	B5
2245-4373	BRASILIANA : JOURNAL FOR BRAZILIAN STUDIES	B2
1516-2427	BRASILIANA (RIO DE JANEIRO)	B5
2199-7594	BRASILICUM	B4
2177-0778	BRASILIENSIS	B4
1981-1640	BRAZILIAN JOURNAL OF INFORMATION SCIENCE	B4
2237-7743	BRAZILIAN JOURNAL OF INTERNATIONAL RELATIONS	B2
2237-7743	BRAZILIAN JOURNAL OF INTERNATIONAL RELATIONS	B2
1982-436X	BRAZILIAN JOURNAL OF OCEANOGRAPHY (ONLINE)	A2
1981-9854	BRAZILIAN JOURNALISM RESEARCH (ONLINE)	B3
2446-8509	BRAZILIAN KEYNESIAN REVIEW	B2
1981-3821	BRAZILIAN POLITICAL SCIENCE REVIEW	A2
2257-0543	BRESIL(S)	B3
2425-231X	BR�SIL(S) - SCIENCES HUMAINES ET SOCIALES	B3
2236-420X	BREVI�RIO DE FILOSOFIA P�BLICA	B5
2236-420X	BREVI�RIO DE FILOSOFIA P�BLICA	B5
0960-1643	BRITISH JOURNAL OF GENERAL PRACTICE	A1
0007-1250	BRITISH JOURNAL OF PSYCHIATRY (PRINT)	B1
0007-4403	BULLETIN DE PSYCHOLOGIE	B4
0261-3050	BULLETIN OF LATIN AMERICAN RESEARCH	A2
2151-6219	BUSINESS AND ECONOMICS JOURNAL	B5
2047-0398	BUSINESS MANAGEMENT REVIEW (BMR)	B2
1980-0339	CADERNIS DE HIST�RIA-UFOP	B5
0101-7780	CADERNO CEDEC	B2
1983-8239	CADERNO CRH (ONLINE)	A2
0103-4979	CADERNO CRH (UFBA. IMPRESSO)	A2
2238-3425	CADERNO DE ESTUDOS SOCIAIS E POL�TICOS	B5
2179-1376	CADERNO DE RELA��ES INTERNACIONAIS	B4
2318-6933	CADERNO ELETR�NICO DE CI�NCIAS SOCIAIS	B4
2237-5422	CADERNO PROFISSIONAL DE ADMINISTRA��O DA UNIMEP	B4
1677-6976	CADERNO VIRTUAL DE TURISMO (UFRJ)	B5
1519-0951	CADERNOS ADENAUER (S�O PAULO)	B2
1677-9010	CADERNOS ASLEGIS (IMPRESSO)	B4
1984-2147	CADERNOS BRASILEIROS DE SA�DE MENTAL	B5
1676-8450	CADERNOS DA ESCOLA DO LEGISLATIVO	B4
1415-0689	CADERNOS DE CAMPO (UNESP)	B5
2316-9133	CADERNOS DE CAMPO (USP)	B5
1808-3102	CADERNOS DE CI�NCIAS SOCIAIS APLICADAS (UESB)	B5
2178-079X	CADERNOS DE EDUCA��O -UFPEL (ONLINE)	B3
1808-0758	CADERNOS DE ESTUDOS - SECRETARIA DE AVALIA��O E GEST�O DA INFORMA��O	B5
1645-3794	CADERNOS DE ESTUDOS AFRICANOS	B2
2447-6943	CADERNOS DE ESTUDOS E PESQUISA NA EDUCA��O B�SICA	B4
0102-4248	CADERNOS DE ESTUDOS SOCIAIS	C 
2238-3425	CADERNOS DE ESTUDOS SOCIAIS E POL�TICOS	B5
2238-3425	CADERNOS DE ESTUDOS SOCIAIS E POL�TICOS	B5
2238-3425	CADERNOS DE ESTUDOS SOCIAIS E POL�TICOS	B5
1413-7860	CADERNOS DE FILOSOFIA ALEM�	B5
2318-9800	CADERNOS DE FILOSOFIA ALEM�: CR�TICA E MODERNIDADE	B5
1806-8944	CADERNOS DE FINAN�AS P�BLICAS	C 
2237-8871	CADERNOS DE HIST�RIA	B5
1980-0339	CADERNOS DE HIST�RIA (UFOP. MARIANA)	B5
0104-9712	CADERNOS DE LINGUAGEM E SOCIEDADE	B5
2317-286X	CADERNOS DE PESQUISA EM CI�NCIA POL�TICA	B4
0100-1574	CADERNOS DE PESQUISA (FUNDA��O CARLOS CHAGAS. IMPRESSO)	A1
1980-5314	CADERNOS DE PESQUISA (FUNDA��O CARLOS CHAGAS. ONLINE)	A1
1984-8951	CADERNOS DE PESQUISA INTERDISCIPLINAR EM CI�NCIAS HUMANAS (ONLINE)	B4
1983-4500	CADERNOS DE RELA��ES INTERNACIONAIS	B5
2236-9651	CADERNOS DE RESUMOS	C 
1678-4464	CADERNOS DE SA�DE P�BLICA	A1
0102-311X	CADERNOS DE SA�DE P�BLICA (ENSP. IMPRESSO)	A1
1678-4464	CADERNOS DE SA�DE P�BLICA (ONLINE)	A1
0104-4931	CADERNOS DE TERAPIA OCUPACIONAL DA UFSCAR	B5
1809-8606	CADERNOS DO DESENVOLVIMENTO	C 
2317-6539	CADERNOS DO DESENVOLVIMENTO FLUMINENSE	B4
2317-3246	CADERNOS DO GEA	B4
2236-6385	CADERNOS DO IL, PORTO ALEGRE	B4
1982-2642	CADERNOS DO N�CLEO DE AN�LISES URBANAS	B5
2179-2143	CADERNOS DO TEMPO PRESENTE	B4
1679-3951	CADERNOS EBAPE.BR (FGV)	B3
0104-7078	CADERNOS ENAP	B3
2236-5710	CADERNOS GEST�O P�BLICA E CIDADANIA	B3
2358-1824	CADERNOS IBERO-AMERICANOS DE DIREITO SANIT�RIO	B4
2316-2937	CADERNOS IMBONDEIRO	C 
1517-2422	CADERNOS METR�POLE (PUCSP)	C 
0104-8333	CADERNOS PAGU (UNICAMP. IMPRESSO)	A2
1676-6288	CADERNOS PROLAM/USP	B4
1414-462X	CADERNOS SA�DE COLETIVA (UFRJ)	B1
2175-1293	CADERNOS WALTER BENJAMIN	B4
2038-5242	CADMUS	B5
1141-7161	CAHIERS DES AM�RIQUES LATINES (PARIS)	B2
0955-7571	CAMBRIDGE REVIEW OF INTERNATIONAL AFFAIRS	A2
1474-449X	CAMBRIDGE REVIEW OF INTERNATIONAL AFFAIRS	A2
1678-6343	CAMINHOS DE GEOGRAFIA (UFU)	B4
2317-2444	CAMPO JUR�DICO - REVISTA DE DIREITO AGROAMBIENTAL E TEORIA DO DIREITO	B5
1519-5538	CAMPOS (UFPR)	B5
0826-3663	CANADIAN JOURNAL OF LATIN AMERICAN AND CARIBBEAN STUDIES	B1
0069-0058	CANADIAN YEARBOOK OF INTERNATIONAL LAW/ANNUAIRE CANADIEN DE DROIT INTERNATIONAL	B4
0309-8168	CAPITAL & CLASS	A1
2279-9362	CARLO ALBERTO NOTEBOOKS	C 
1517-7262	CARTA DE CONJUNTURA FEE (ED. EM PORTUGU�S. IMPRESSO)	C 
1413-0904	CARTA INTERNACIONAL	B1
2318-3713	CEBRI ARTIGOS	B4
2408-4638	C�FIRO : Z�PHYROS : REVISTA DE ECONOM�A Y GESTI�N	B5
0251-2920	CEPAL REVIEW	B2
2115-4856	CERISCOPE (SCIENCES PO-PARIS)	C 
2011-3080	CES REVISTA PSICOLOGIA	B5
2308-0965	CHANCE2SUSTAIN	C 
2178-1699	CH�O URBANO	B5
1080-6954	CHINESE JOURNAL OF POLITICAL SCIENCE	A2
1285-087X	CHRONIQUE INTERNATIONALE DE L'IRES	B3
1519-0617	CIBERLEGENDA (UFF. ONLINE)	B5
1413-8123	CI�NCIA & SA�DE COLETIVA (ONLINE)	A2
0304-2685	CI�NCIA & TROPICO	B5
1984-7513	CI�NCIA, CUIDADO E SA�DE (ONLINE)	B4
0009-6725	CI�NCIA E CULTURA	B3
2317-4595	CI�NCIA E SOCIEDADE	B5
0101-8515	CI�NCIA HOJE	B3
1982-3037	CI�NCIAS SOCIAIS APLICADAS EM REVISTA (ONLINE)	C 
2177-6229	CI�NCIAS SOCIAIS UNISINOS	B3
1519-7050	CI�NCIAS SOCIAIS UNISINOS	B3
2238-9032	CIPPUS - REVISTA DE INICIA��O CIENT�FICA DA UNILASALLE	B5
1853-0419	CIRCUS. REVISTA ARGENTINA DE ECONOM�A	B5
0264-2751	CITIES	A1
1362-1025	CITIZENSHIP STUDIES (ABINGDON. PRINT)	A1
1519-6089	CIVITAS - REVISTA DE CI�NCIAS SOCIAIS (IMPRESSO)	B2
1984-7289	CIVITAS - REVISTA DE CI�NCIAS SOCIAIS (ONLINE)	B2
1468-2745	COLD WAR HISTORY	A2
2316-4833	COLE��O MEIRA MATTOS - REVISTA DAS CI�NCIAS MILITARES (IMPRESSA)	B2
2316-4891	COLE��O MEIRA MATTOS - REVISTA DAS CI�NCIAS MILITARES (ONLINE)	B2
0121-5612	COLOMBIA INTERNACIONAL	A2
1678-9059	COL�QUIO (TAQUARA)	B5
0010-1931	COLUMBIA JOURNAL OF TRANSNATIONAL LAW	A2
1390-1532	COMENTARIO INTERNACIONAL	B5
1390-1532	COM�RCIO INTERNACIONAL	B5
1676-3475	COMMUNICARE (S�O PAULO)	C 
2151-0393	COMPARATIVE AND INTERNATIONAL HIGHER EDUCATION	B5
0010-4086	COMPARATIVE EDUCATION REVIEW	A1
1556-5068	COMPARATIVE LAW EJOURNAL	B4
0010-4140	COMPARATIVE POLITICAL STUDIES	A1
0010-4159	COMPARATIVE POLITICS	A1
1983-3784	COMPOSI��O: REVISTA DE CI�NCIAS SOCIAIS DA UNIVERSIDADE FEDERAL DE MATO GROSSO DO SUL	B5
0102-6925	COMUNICA��O & POL�TICA	B3
2175-7755	COMUNICA��O & SOCIEDADE (METODISTA)	B3
2178-2687	CONEX�O: COMUNICA��O E CULTURA	B4
2317-3254	CONEX�O POL�TICA	B5
2317-3254	CONEX�O POL�TICA - REVISTAS ELETR�NICAS DA UFPI	B5
1958-9212	CONFINS (PARIS)	B2
2316-395X	CONFLU�NCIAS CULTURAIS	B4
1678-7145	CONFLU�NCIAS (NITER�I)	B4
2178-8839	CONJUNTURA AUSTRAL	B2
2178-8839	CONJUNTURA AUSTRAL	B2
2178-8839	CONJUNTURA AUSTRAL. REVISTA DO N�CLEO BRASILEIRO DE ESTRAT�GIA E RELA��ES INTERNACIONAIS DA UFRGS	B2
0010-5945	CONJUNTURA ECONOMICA (RIO DE JANEIRO)	B2
2317-6563	CONJUNTURA GLOBAL	B4
1809-6182	CONJUNTURA INTERNACIONAL (BELO HORIZONTE. ONLINE)	B2
1470-5648	CONSCIOUSNESS, LITERATURE AND THE ARTS (ABERYSTWYTH)	B4
2172-9506	CONSTELACIONES: REVISTA DE TEORIA CR�TICA	B4
1351-0487	CONSTELLATIONS (OXFORD. PRINT)	B1
1809-2829	CONSULTOR JUR�DICO (S�O PAULO. ONLINE)	C 
2236-532X	CONTEMPOR�NEA. REVISTA DE SOCIOLOGIA DA UFSCAR	B2
1809-9386	CONTEMPORANEA (UFBA. ONLINE)	B3
1743-8764	CONTEMPORARY SECURITY POLICY	A2
1982-0240	CONTEXTO INTERNACIONAL (ON-LINE)	A2
0102-8529	CONTEXTO INTERNACIONAL (PUCRJ. IMPRESSO)	A2
2007-2120	CONTEXTUALIZACIONES LATINOAMERICANAS	B2
2007-2120	CONTEXTUALIZACIONES LATINOAMERICANAS	B2
1984-7114	CONTRAPONTOS (ONLINE)	B4
1669-953X	CONTRA/RELATOS DESDE EL SUR	B3
1633-597X	CONTRETEMPS (PARIS. 2001)	B5
1988-7833	CONTRIBUCIONES A LAS CIENCIAS SOCIALES	B3
2178-5694	CONVERSAS & CONTROV�RSIAS	B5
1727-9232	CORPORATE OWNERSHIP & CONTROL (PRINT)	C 
2447-4223	CR�TICA EDUCATIVA	B4
0011-152X	CRITICA MARXISTA (ROMA)	B2
0104-9321	CRITICA MARXISTA (S�O PAULO)	B2
1946-0171	CRITICAL POLICY STUDIES	A1
2162-4887	CRITICAL STUDIES ON SECURITY	B2
2011-0324	CS	B2
0011-2356	CUADERNOS AMERICANOS	B2
1012-2508	CUADERNOS DEL CENDES	B1
2254-4455	CUADERNOS MANUEL GIM�NEZ ABAD	B5
1856-349X	CUADERNOS SOBRE RELACIONES INTERNACIONALES, REGIONALISMO Y DESARROLLO	B2
1871-1510	CULTURAL STUDIES OF SCIENCE EDUCATION (ON LINE)	B2
1777-5345	CULTURES & CONFLICTS	B4
1157-996X	CULTURES ET CONFLITS (REVUE)	B4
0011-3530	CURRENT HISTORY (1941)	B1
2308-6971	CUSTOMS SCIENTIFIC JOURNAL	B5
2177-0921	CUSTOS LEGIS - REVISTA ELETR�NICA DO MINIST�RIO P�BLICO FEDERAL	C 
1678-4588	DADOS - REVISTA DE CI�NCIAS SOCIAIS	A1
0011-5258	DADOS (RIO DE JANEIRO)	A1
0011-5258	DADOS (RIO DE JANEIRO)	A1
0011-5258	DADOS (RIO DE JANEIRO. IMPRESSO)	A1
1519-843X	DEBATES DO NER (UFRGS. IMPRESSO)	B4
1852-4346	DEBATES Y COMBATES	B5
1470-2436	DEFENCE STUDIES	A2
1536-1837	DELAWARE REVIEW OF LATIN AMERICAN STUDIES	B3
0719-4730	DEMARCACIONES	C 
2175-9391	DEMOCRACIA DIGITAL E GOVERNO ELETR�NICO	B5
1808-5601	DEMOCRACIA E MUNDO DO TRABALHO	C 
2332-8894	DEMOCRATIC THEORY	C 
1435-9871	DEMOGRAPHIC RESEARCH	A1
1436-3070	DENKW�RDIGKEITEN	B3
1851-832X	DENSIDADE	B5
0196-2035	DENVER JOURNAL OF INTERNATIONAL LAW AND POLICY	C 
2224-4131	DERECHO Y CAMBIO SOCIAL	C 
1607-050X	DESACATOS (CIESAS)	B1
2448-5144	DESACATOS. REVISTA DE ANTROPOLOG�A SOCIAL	B1
1806-9363	DESAFIOS DO DESENVOLVIMENTO	C 
0328-8927	DESAF�OS (ROSARIO)	B3
1518-952X	DESENVOLVIMENTO E MEIO AMBIENTE (UFPR)	B5
2237-6453	DESENVOLVIMENTO EM QUEST�O	B5
0950-6764	DEVELOPMENT POLICY REVIEW (PRINT)	A1
0807-8967	DIACR�TICA (BRAGA)	B1
2238-9024	DI�LOGO (UNILASALLE)	B3
2177-2940	DI�LOGOS (MARINGA)	B1
1415-9945	DI�LOGOS (MARING�)	B1
2178-2792	DILEMAS	B5
1983-5922	DILEMAS: REVISTA DE ESTUDOS DE CONFLITO E CONTROLE SOCIAL	B5
2179-8869	DIMENS�ES: REVISTA DE HIST�RIA DA UFES	B5
2111-4307	DIPLOWEB	C 
2317-7721	DIREITO DA CIDADE	B1
1676-8558	DIREITO E JUSTI�A (URI)	B4
1516-6104	DIREITO, ESTADO E SOCIEDADE (IMPRESSO)	B4
1980-7805	DIREITOS CULTURAIS	C 
2357-8009	DIREITO.UNB	C 
2177-3335	DISCIPLINARUM SCIENTIA	C 
1413-988X	DISCURSOS SEDICIOSOS (RIO DE JANEIRO)	C 
0251-3625	DISP - THE PLANNING REVIEW [0251-3625]	A2
1983-8921	DIVERS@! (MATINHOS)	B5
1989-8819	DOCUMENTOS DE TRABAJO IELAT	C 
2179-7412	DOIS PONTOS (UFPR) DIGITAL	B5
1980-8380	DOM / REVISTA DA FUNDA��O DOM CABRAL	C 
1387-9553	EARLY CHILDHOOD MATTERS	C 
1647-0737	E-CADERNOS CES (ONLINE)	B4
1983-9278	ECCOS REVISTA CIENT�FICA (ONLINE)	C 
1984-2716	E-CIVITAS (BELO HORIZONTE)	C 
1166-3030	ECOLOGIE POLITIQUE	B2
1517-7580	ECONOMIA	B3
2318-647X	ECONOMIA E POL�TICAS P�BLICAS	B5
1982-3533	ECONOMIA E SOCIEDADE (UNICAMP)	B1
0104-0618	ECONOMIA E SOCIEDADE (UNICAMP. IMPRESSO)	B1
1983-1994	ECONOMIA ENSAIOS	B5
2178-0587	ECONOMIC ANALYSIS OF LAW REVIEW	B3
0104-0030	ECORIO	C 
2316-3933	ECOS ONLINE	C 
1678-4626	EDUCA��O & SOCIEDADE	A2
0101-7330	EDUCA��O & SOCIEDADE (IMPRESSO)	A2
2237-1648	EDUCA��O, CULTURA E SOCIEDADE	B4
1516-2958	EDUCA��O E CIDADANIA	C 
1517-9702	EDUCA��O E PESQUISA (USP.IMPRESSO)	A2
0104-4060	EDUCAR EM REVISTA (IMPRESSO)	B1
2053-8626	E-INTERNATIONAL RELATIONS	C 
1533-1296	ELECTION LAW JOURNAL	B3
0261-3794	ELECTORAL STUDIES	A1
2175-0688	E-LEGIS	B2
2359-5841	EM CURSO	B5
2176-4883	EM DEBATE	B4
2176-4883	EM DEBATE (BELO HORIZONTE)	B4
1980-3532	EM DEBATE (UFSC. ONLINE)	B3
1806-5023	EM TESE (FLORIAN�POLIS)	B4
2177-2312	E-METROPOLIS: REVISTA ELETR�NICA DE ESTUDOS URBANOS E REGIONAIS	B5
2316-9303	E-MOSAICOS REVISTA MULTIDISCIPLINAR DE ENSINO, PESQUISA, EXTENS�O E CULTURA DO INSTITUTO DE APLICA��O FERNANDO RODRIGUES DA SILVEIRA (CAP-UERJ)	B5
1308-7711	ENERGY EDUCATION SCIENCE AND TECHNOLOGY PART B: SOCIAL AND EDUCATIONAL STUDIES	C 
1876-6102	ENERGY PROCEDIA	A2
0013-7707	ENGENHARIA (S�O PAULO)	C 
0104-4036	ENSAIO - AVALIA��O E POL�TICAS P�BLICAS EM EDUCA��O	A2
0104-4036	ENSAIO - AVALIA��O E POL�TICAS P�BLICAS EM EDUCA��O	A2
2176-8773	ENSAIOS DO IEEI	B5
0101-1723	ENSAIOS FEE (IMPRESSO)	B5
1980-2668	ENSAIOS FEE (ONLINE)	B5
0121-117X	ENSAYOS DE ECONOM�A (IMPRESSO)	B3
1983-7011	ENSINO, SA�DE E AMBIENTE	B3
1851-278X	ENTREL�NEAS DE LA POL�TICA ECON�MICA	B4
0265-8135	ENVIRONMENT & PLANNING. B, PLANNING & DESIGN (PRINT)	A2
0263-7758	ENVIRONMENT AND PLANNING. D, SOCIETY & SPACE (PRINT)	A1
1472-3433	ENVIRONMENT AND PLANNING D: SOCIETY AND SPACE	A1
1364-8152	ENVIRONMENTAL MODELLING & SOFTWARE	A2
1520-6483	ENVIRONMENTAL QUALITY MANAGEMENT	B1
1088-1913	ENVIRONMENTAL QUALITY MANAGEMENT (PRINT)	B1
1518-2487	EPTIC (UFS)	B2
1610-3696	ERWAGEN, WISSEN, ETHIK	B3
2175-7976	ESBO�OS	B3
2175-7976	ESBO�OS	B3
2177-9465	ESCOLA ANNA NERY. REVISTA DE ENFERMAGEM	B1
1981-626X	ESCRITOS (FUNDA��O CASA DE RUI BARBOSA)	C 
1315-0006	ESPACIO ABIERTO (CARACAS. 1992)	B3
0718-1604	ESPACIO REGIONAL. REVISTA DE ESTUDIOS SOCIALES	B3
0798-1015	ESPACIOS (CARACAS)	C 
2237-3071	ESPA�O ABERTO (UFRJ)	B3
1516-9375	ESPA�O E GEOGRAFIA (UNB)	B4
2358-0224	ESPA�O �TICA: EDUCA��O, GEST�O E CONSUMO	B5
0103-3832	ESPA�O PARA A SA�DE	B5
1809-1296	ESPORTE E SOCIEDADE	C 
2179-1902	ESTA��O CIENT�FICA (UNIFAP)	B2
1688-5317	ESTUDIOS HIST�RICOS (RIVERA)	B3
0716-0240	ESTUDIOS INTERNACIONALES (SANTIAGO)	B1
0327-4934	ESTUDIOS SOCIALES (SANTA FE)	B1
1806-9592	ESTUDOS AVAN�ADOS (ONLINE)	B1
0103-4014	ESTUDOS AVAN�ADOS (USP. IMPRESSO)	B1
1806-9592	ESTUDOS AVAN�ADOS (USP.IMPRESSO)	B1
1982-4718	ESTUDOS DE SOCIOLOGIA	B2
1414-0144	ESTUDOS DE SOCIOLOGIA (S�O PAULO)	B2
1982-6729	ESTUDOS DO CEPE	B4
2316-2481	ESTUDOS E AN�LISES DE CONJUNTURA	B5
2316-2481	ESTUDOS E AN�LISES DE CONJUNTURA DO OBSERVAT�RIO POL�TICO DOS ESTADOS UNIDOS	B5
1808-4281	ESTUDOS E PESQUISAS EM PSICOLOGIA (ONLINE)	B3
0101-4161	ESTUDOS ECON�MICOS (USP. IMPRESSO)	B1
1646-4974	ESTUDOS EM COMUNICACAO	B3
1806-6496	ESTUDOS EM JORNALISMO E M�DIA (UFSC)	B3
1806-9584	ESTUDOS FEMINISTAS	B1
1678-698X	ESTUDOS GEOGR�FICOS (UNESP)	B4
2178-1494	ESTUDOS HIST�RICOS	B5
1980-864X	ESTUDOS IBERO-AMERICANOS	B1
0101-4064	ESTUDOS IBERO-AMERICANOS (PUCRS. IMPRESSO)	B1
2317-773X	ESTUDOS INTERNACIONAIS	B2
1980-2951	ESTUDOS LEGISLATIVOS	B5
1889-9609	ESTUDOS MIGRATORIOS	B3
2358-4955	ETC�TERA: POL�TICA E MULTIDISCIPLINARIEDADE	C 
1677-2954	ETHIC@ (UFSC)	B3
0014-2123	�TUDES INTERNATIONALES (QU�BEC)	B2
0717-6236	EURE REVISTA LATINOAMERICANA DE ESTUDIOS URBANO REGIONALES (ISI - JCR SOCIAL SCIENCES, 29/29 URBAN STUDIES, FI = 0.057 EM 2006, QUANDO FOI SUBMETIDO)	A2
0250-7161	EURE (SANTIAGO. IMPRESA)	A2
0144-3054	EUROPEAN COMPETITION LAW REVIEW	B4
1354-0661	EUROPEAN JOURNAL OF INTERNATIONAL RELATIONS	A1
1368-4310	EUROPEAN JOURNAL OF SOCIAL THEORY	A2
1351-5993	EUROPEAN LAW JOURNAL (PRINT)	A1
2254-6391	EUROPEAN STRATEGIC PARTNERSHIPS OBSERVATORY WORKING PAPERS	B5
2175-1072	EXPERI�NCIAS EM PSICOLOGIA E POL�TICAS P�BLICAS	C 
2007-6924	EXPLANANS	B4
1415-7802	EXTENS�O RURAL (SANTA MARIA)	B4
1374-3864	F�D�RALISME R�GIONALISME	B3
2314-3592	FILOSOF�A DE LA ECONOM�A	B4
1460-9819	FORCED MIGRATION REVIEW	B3
1665-1707	FOREIGN AFFAIRS EN ESPA�OL	B2
1743-8586	FOREIGN POLICY ANALYSIS (PRINT)	A1
1463-6689	FORESIGHT (CAMBRIDGE. PRINT)	A2
0185-013X	FORO INTERNACIONAL	B1
1678-8648	F�RUM ADMINISTRATIVO	B5
0803-9410	FORUM FOR DEVELOPMENT STUDIES	A2
1476-3419	FRENCH POLITICS (PRINT)	A2
1679-5377	FRONTEIRA (PUCMG)	B5
2238-8869	FRONTEIRAS: JOURNAL OF SOCIAL, TECHNOLOGICAL AND ENVIRONMENTAL SCIENCE	B5
2175-5825	FUTURE STUDIES RESEARCH JOURNAL	B3
1213-0028	GENDER, ROVN� PR�LEZITOSTI, VYZKUM	B1
2238-8184	G�NERO NA AMAZ�NIA	B5
0100-7912	GEOGRAFIA (RIO CLARO. IMPRESSO)	B4
1852-8031	GEOGRAF�A Y SISTEMAS DE INFORMACI�N GEOGR�FICA	B4
2446-9165	GEOGRAPHIA MERIDIONALIS	B4
2175-862X	GEOING�: REVISTA DO PROGRAMA DE P�S-GRADUA��O EM GEOGRAFIA	B4
2172-3958	GEOPOLITICA(S): REVISTA DE ESTUDIOS SOBRE ESPACIO Y PODER	B2
1526-0054	GEORGETOWN JOURNAL OF INTERNATIONAL AFFAIRS	B3
2178-0463	GEOSABERES REVISTA DE ESTUDOS GEOEDUCACIONAIS	B3
2177-5230	GEOSUL	B4
0103-3964	GEOSUL (UFSC)	B4
2179-0892	GEOUSP: ESPA�O E TEMPO	B2
1984-2430	GEPROS. GEST�O DA PRODU��O, OPERA��ES E SISTEMAS (ONLINE)	B4
1516-9103	GEST�O & PLANEJAMENTO (SALVADOR)	B4
1806-9649	GEST�O & PRODU��O	A2
0104-530X	GEST�O & PRODU��O (UFSCAR. IMPRESSO)	A2
2446-5771	GEST�O CONTEMPOR�NEA: REVISTA DE NEG�CIOS DO CESUCA	B5
2317-5087	GEST�O E CONEX�ES	B3
2178-8030	GESTAO E PLANEJAMENTO	B4
1980-5756	GEST�O E SOCIEDADE	B3
1862-3573	GIGA-FOCUS. LATEINAMERIKA	B4
2045-3817	GLOBAL CONSTITUTIONALISM	B2
2043-7897	GLOBAL DISCOURSE: AN INTERDISCIPLINARY JOURNAL OF CURRENT AFFAIRS AND APPLIED CONTEMPORARY THOUGHT	B2
1075-2846	GLOBAL GOVERNANCE	A1
0975-587X	GLOBAL JOURNAL OF HUMAN SOCIAL SCIENCES	B2
1758-5899	GLOBAL POLICY JOURNAL	A2
1875-9858	GLOBAL RESPONSIBILITY TO PROTECT	A1
1360-0826	GLOBAL SOCIETY	A2
2447-4096	GUAJU � REVISTA BRASILEIRA DE DESENVOLVIMENTO TERRITORIAL SUSTENT�VEL	B4
1002-4913	GUOJI SHEHUI KEXUE ZAZHI	B5
1806-8979	GV EXECUTIVO	B5
1949-4998	HEALTH	B3
1744-1331	HEALTH ECONOMICS, POLICY AND LAW (PRINT)	A2
0268-1080	HEALTH POLICY AND PLANNING (PRINT)	A1
1980-0185	HEERA (UFJF. ONLINE)	B5
1809-1261	HEGEMONIA (BRAS�LIA)	B4
2236-6334	HENDU	B4
1519-8502	HISTORI�	B3
1414-3488	HIST�RIA & ENSINO (UEL)	B3
2176-4352	HIST�RIA & PERSPECTIVAS	B3
2176-4352	HIST�RIA & PERSPECTIVAS (ONLINE)	B3
1678-4758	HIST�RIA, CI�NCIAS, SA�DE (ONLINE)	A2
0104-5970	HIST�RIA, CI�NCIAS, SA�DE-MANGUINHOS	A2
0104-5970	HIST�RIA, CI�NCIAS, SA�DE-MANGUINHOS (IMPRESSO)	A2
2238-8885	HIST�RIA: DEBATES E TEND�NCIAS	B3
1517-2856	HIST�RIA: DEBATES E TEND�NCIAS (PASSO FUNDO)	B3
2238-6270	HIST�RIA E CULTURA	B5
2238-6270	HIST�RIA E CULTURA	B5
2238-6270	HIST�RIA E CULTURA	B5
2318-8294	HIST�RIA E CULTURAS	B3
1808-5318	HIST�RIA E ECONOMIA	B5
1519-3314	HIST�RIA ECON�MICA & HIST�RIA DE EMPRESAS	B5
1807-1783	HIST�RIA E-HIST�RIA	B5
2318-1729	HIST�RIA, HIST�RIAS	B4
2036-4040	HISTORIA MAGISTRA	B3
0100-6932	HIST�RIA. QUEST�ES E DEBATES	B3
1984-4530	HIST�RIA REVISTA (ONLINE)	B4
1980-4369	HIST�RIA (S�O PAULO)	B1
0101-9074	HIST�RIA (S�O PAULO)	B1
2236-1782	HIST�RIA UNISINOS	B3
1808-6284	HIST�RICA (S�O PAULO. ONLINE)	B5
1668-5024	HOLOGRAM�TICA (LOMAS DE ZAMORA)	B3
1807-1600	HOLOS (NATAL. ONLINE)	B4
1808-3064	HORIZONTE CIENT�FICO (UBERL�NDIA)	B4
1806-9983	HORIZONTES ANTROPOL�GICOS (ONLINE)	B1
0104-7183	HORIZONTES ANTROPOL�GICOS (UFRGS. IMPRESSO)	B1
2318-8626	HORIZONTES LATINOAMERICANOS	B4
1982-8047	HU REVISTA	B3
0275-0392	HUMAN RIGHTS QUARTERLY	A2
1577-3388	IBEROAMERICANA (MADRID)	B1
1390-1249	�CONOS (QUITO)	B2
1390-8065	�CONOS. REVISTA DE CIENCIAS SOCIALES DA FLACSO	B2
1518-6911	IDEA��O (UNIOESTE. IMPRESSO)	B3
1950-5701	IDEAS	B3
2179-5525	ID�IAS - REVISTA DO INSTITUTO DE FILOSOFIA E CI�NCIAS HUMANAS DA UNICAMP	B5
2179-5525	ID�IAS - REVISTA DO INSTITUTO DE FILOSOFIA E CI�NCIAS HUMANAS DA UNICAMP	B5
0265-5012	IDS BULLETIN (BRIGHTON)	A2
0265-5012	IDS BULLETIN (BRIGHTON. 1984)	A2
1759-5436	IDS BULLETIN (ONLINE)	A2
1678-4766	IHERINGIA. S�RIE ZOOLOGIA (ONLINE)	B1
1981-8769	IHU ON-LINE (UNISINOS. IMPRESSO)	B5
1981-8793	IHU ON-LINE (UNISINOS. ONLINE)	B5
2278-3369	IJAME. INTERNATIONAL JOURNAL OF ADVANCES IN MANAGEMENT AND ECONOMICS	B5
0032-325X	IL POLITICO	B4
1984-1191	ILUMINURAS (PORTO ALEGRE)	B4
1080-0727	INDIANA JOURNAL OF GLOBAL LEGAL STUDIES (PRINT)	B1
0103-3905	INDICADORES ECON�MICOS FEE	C 
0103-3905	INDICADORES ECON�MICOS FEE (IMPRESSO)	C 
1806-8987	INDICADORES ECON�MICOS FEE (ONLINE)	C 
1982-1654	INFORM�TICA NA EDUCA��O	B4
1369-118X	INFORMATION, COMMUNICATION & SOCIETY	A1
0539-0184	INFORMATION SUR LES SCIENCES SOCIALES (PARIS)	A2
1519-8065	INFORMATIVO JUR�DICO CONSULEX	C 
1517-6258	INFORME ECON�MICO (UFPI)	C 
1517-6940	INSIGHT INTELIG�NCIA (RIO DE JANEIRO)	B3
0976-3465	INSIGHT ON AFRICA	B2
2446-9696	INSITU	B3
1027-5703	INTEGRATION & TRADE	C 
1807-1260	INTELLECTOR (CENEGRI. ONLINE)	B5
0268-4527	INTELLIGENCE AND NATIONAL SECURITY	A2
1678-1929	INTER A��O (PARANA�BA)	B5
2357-7975	INTERA��O	B5
0101-7136	INTER-A��O (UFG. IMPRESSO)	B5
1981-8416	INTER-A��O (UFG. ONLINE)	B5
1517-848X	INTERA��O (VARGINHA)	B5
1809-5844	INTERCOM (S�O PAULO. IMPRESSO)	B1
1980-3508	INTERCOM (S�O PAULO. ONLINE)	B1
1982-8497	INTERESSE NACIONAL	B5
1676-8701	INTERESSE P�BLICO (IMPRESSO)	C 
1806-9037	INTERFACE (NATAL)	B5
2318-2326	INTERFACES - REVISTA DE EXTENS�O DA UFMG	B5
1984-5677	INTERFACES BRASIL/CANAD�	B3
2316-3321	INTERFACES CIENT�FICAS - DIREITO	B3
2316-381X	INTERFACES CIENT�FICAS - DIREITO	B3
2316-3828	INTERFACES CIENT�FICAS - EDUCA��O	B4
2316-3801	INTERFACES CIENT�FICAS - HUMANAS E SOCIAIS	B3
1982-1662	INTER-LEGERE (UFRN)	B5
2325-8020	INTERNATIONAL AFFAIRS FORUM	B4
0020-5850	INTERNATIONAL AFFAIRS (LONDON. 1944. PRINT)	A1
1923-8428	INTERNATIONAL BUSINESS AND MANAGEMENT	B5
1993-5250	INTERNATIONAL BUSINESS MANAGEMENT	C 
1728-5909	INTERNATIONAL COUNCIL OF SPORT SCIENCE AND PHYSICAL EDUCATION	C 
1836-6554	INTERNATIONAL GRAMSCI JOURNAL	B3
0305-0629	INTERNATIONAL INTERACTIONS	A1
2310-8231	INTERNATIONAL JOURNAL OF CLINICAL PSYCHIATRY AND MENTAL HEALTH	B3
0019-6398	INTERNATIONAL JOURNAL OF CONTEMPORARY SOCIOLOGY	B2
0975-833X	INTERNATIONAL JOURNAL OF CURRENT RESEARCH	B3
2201-6740	INTERNATIONAL JOURNAL OF EDUCATION AND RESEARCH	C 
1939-4675	INTERNATIONAL JOURNAL OF ENTREPRENEURSHIP	B5
1476-1297	INTERNATIONAL JOURNAL OF ENTREPRENEURSHIP AND SMALL BUSINESS	B1
2526-1606	INTERNATIONAL JOURNAL OF HEALTH MANAGEMENT REVIEW - JHMREVIEW	B3
2220-8488	INTERNATIONAL JOURNAL OF HUMANITIES AND SOCIAL SCIENCE (IMPRESSO)	B3
2221-0989	INTERNATIONAL JOURNAL OF HUMANITIES AND SOCIAL SCIENCE (ONLINE)	B3
1740-8830	INTERNATIONAL JOURNAL OF INNOVATION AND SUSTAINABLE DEVELOPMENT	A2
0260-1370	INTERNATIONAL JOURNAL OF LIFELONG EDUCATION	B1
0957-4093	INTERNATIONAL JOURNAL OF LOGISTICS MANAGEMENT	A1
1758-9797	INTERNATIONAL JOURNAL OF ORGANISATIONAL DESIGN AND ENGINEERING	B3
0891-1916	INTERNATIONAL JOURNAL OF POLITICAL ECONOMY	B2
2229-5518	INTERNATIONAL JOURNAL OF SCIENTIFIC AND ENGINEERING RESEARCH	B4
1752-7716	INTERNATIONAL JOURNAL OF TRANSITIONAL JUSTICE (PRINT)	A1
1468-2427	INTERNATIONAL JOURNAL OF URBAN AND REGIONAL RESEARCH (ONLINE)	A1
0309-1317	INTERNATIONAL JOURNAL OF URBAN AND REGIONAL RESEARCH (PRINT)	A1
1692-8156	INTERNATIONAL LAW (BOGOTA 2003)	B1
2318-9118	INTERNATIONAL POLICY CENTRE FOR INCLUSIVE GROWTH (IPC-IG)	B4
0192-5121	INTERNATIONAL POLITICAL SCIENCE REVIEW	A1
1749-5687	INTERNATIONAL POLITICAL SOCIOLOGY (ONLINE)	A1
1749-5679	INTERNATIONAL POLITICAL SOCIOLOGY (PRINT)	A1
0047-1178	INTERNATIONAL RELATIONS (LONDON)	A2
2319-9202	INTERNATIONAL RESEARCH JOURNAL OF COMMERCE, ARTS AND SCIENCE	C 
1469-9273	INTERNATIONAL REVIEW OF SOCIOLOGY (ONLINE)	B1
2176-297X	INTERNATIONAL SECURITY: A EUROPEAN-SOUTH AMERICAN DIALOGUE	B5
1528-3577	INTERNATIONAL STUDIES PERSPECTIVES	A1
1521-9488	INTERNATIONAL STUDIES REVIEW (MALDEN, MASS.)	A1
1980-3702	INTER-RELA��ES	C 
1679-9844	INTERSCIENCE PLACE	B4
2317-1456	INTERSE��ES - REVISTA DE ESTUDOS INTERDISCIPLINARES	B2
1517-6088	INTERSE��ES (UERJ)	B2
1807-1384	INTERTHESIS (FLORIAN�POLIS)	B3
1807-8583	INTEXTO	B3
1353-7121	ISRAEL AFFAIRS	B1
2237-4965	IUS GENTIUM	B4
2090-4541	J FUNANDAM RENEWABLE ENERGY APP	B5
1610-093X	JAHRBUCH F�R FORSCHUNGEN ZUR GESCHICHTE DER ARBEITERBEWEGUNG	B4
2175-2095	JORNAL BRASILEIRO DE ECONOMIA DA SA�DE	B4
0047-2085	JORNAL BRASILEIRO DE PSIQUIATRIA (UFRJ. IMPRESSO)	A2
1414-655X	JORNAL DA CI�NCIA	B5
1981-1969	JORNAL DE POL�TICAS EDUCACIONAIS	B3
1984-3046	JOSCM. JOURNAL OF OPERATIONS AND SUPPLY CHAIN MANAGEMENT	B4
1088-4602	JOURNAL OF ADDICTIONS NURSING	A2
2153-4764	JOURNAL OF ARABIAN STUDIES	B2
2380-405X	JOURNAL OF BUSINESS	B5
0167-4544	JOURNAL OF BUSINESS ETHICS	A1
1476-5284	JOURNAL OF CHINESE ECONOMIC AND BUSINESS STUDIES	A2
1934-7359	JOURNAL OF CIVIL ENGINEERING AND ARCHITECTURE (PRINT)	B5
1744-8689	JOURNAL OF CIVIL SOCIETY	A2
1793-821X	JOURNAL OF CLEAN ENERGY TECHNOLOGIES	B4
0959-6526	JOURNAL OF CLEANER PRODUCTION	A1
1520-3972	JOURNAL OF COLD WAR STUDIES	A2
0147-5967	JOURNAL OF COMPARATIVE ECONOMICS (PRINT)	A1
1083-6101	JOURNAL OF COMPUTER-MEDIATED COMMUNICATION	A2
1045-5736	JOURNAL OF DEMOCRACY	A1
1743-9140	JOURNAL OF DEVELOPMENT STUDIES	A1
0022-0388	JOURNAL OF DEVELOPMENT STUDIES	A1
0021-3624	JOURNAL OF ECONOMIC ISSUES	A2
1748-7870	JOURNAL OF ECONOMIC POLICY REFORM (PRINT)	A2
0305-7488	JOURNAL OF HISTORICAL GEOGRAPHY	A2
1835-3800	JOURNAL OF HUMAN SECURITY	B1
1326-0219	JOURNAL OF IBERIAN AND LATIN AMERICAN STUDIES	B1
2158-0669	JOURNAL OF INTERNATIONAL AND GLOBAL STUDIES	B1
1544-8037	JOURNAL OF INTERNATIONAL BUSINESS AND ECONOMICS	C 
0954-1748	JOURNAL OF INTERNATIONAL DEVELOPMENT	A2
1875-4104	JOURNAL OF INTERNATIONAL PEACEKEEPING	A2
1408-6980	JOURNAL OF INTERNATIONAL RELATIONS & DEVELOPMENT (LJUBLJANA. TISKANA IZD.)	A1
1356-9325	JOURNAL OF LATIN AMERICAN CULTURAL STUDIES	B1
1469-767X	JOURNAL OF LATIN AMERICAN STUDIES (ONLINE)	A2
0022-216X	JOURNAL OF LATIN AMERICAN STUDIES (PRINT)	A2
1357-2334	JOURNAL OF LEGISLATIVE STUDIES	A2
1542-3166	JOURNAL OF PEACEBUILDING & DEVELOPMENT	A2
1551-2169	JOURNAL OF POLITICAL SCIENCE EDUCATION	A1
1868-4890	JOURNAL OF POLITICS IN LATIN AMERICA (INTERNET)	B1
1866-802X	JOURNAL OF POLITICS IN LATIN AMERICA (PRINT)	B1
0160-3477	JOURNAL OF POST KEYNESIAN ECONOMICS	A2
2141-2480	JOURNAL OF PUBLIC ADMINISTRATION AND POLICY RESEARCH	B5
1472-3891	JOURNAL OF PUBLIC AFFAIRS	A2
1937-2841	JOURNAL OF PUBLIC DELIBERATION	B2
2375-0944	JOURNAL OF RESEARCH ON WOMEN AND GENDER	B4
2329-9460	JOURNAL OF RESPONSIBLE INNOVATION (PRINT)	B5
1548-7660	JOURNAL OF STATISTICAL SOFTWARE	A2
2326-3636	JOURNAL OF STRATEGIC AND INTERNATIONAL STUDIES	B3
0140-2390	JOURNAL OF STRATEGIC STUDIES	A1
1913-9063	JOURNAL OF SUSTAINABLE DEVELOPMENT (IMPRESSO)	C 
1948-0881	JOURNAL OF THE INDIAN OCEAN REGION (PRINT)	A2
1469-7769	JOURNAL OF THE MARINE BIOLOGICAL ASSOCIATION OF THE UK (ONLINE)	A2
1011-6702	JOURNAL OF WORLD TRADE	A2
1076-156X	JOURNAL OF WORLD-SYSTEMS RESEARCH	B2
2160-6579	JOURNALISM AND MASS COMMUNICATION	B4
1413-3571	JURIS (FURG)	C 
1518-4862	JUS NAVIGANDI	C 
1518-4862	JUS NAVIGANDI (ONLINE)	C 
1518-4862	JUS NAVIGANDI (TERESINA)	C 
1984-6878	JUSTI�@ - REVISTA ELETR�NICA DA SE��O JUDICI�RIA DO DISTRITO FEDERAL	C 
1413-7038	JUSTI�A DO DIREITO (UPF)	C 
0177-7521	KAS-AUSLANDS-INFORMATIONEN	B5
1851-3263	LA REVISTA DEL CCC	C 
0140-6736	LANCET (BRITISH EDITION)	A1
0890-7218	LASA FORUM	C 
2007-9842	LATIN AMERICAN JOURNAL OF SCIENCE EDUCATION	B5
0094-582X	LATIN AMERICAN PERSPECTIVES	A2
2041-7365	LATIN AMERICAN POLICY	B2
1548-2456	LATIN AMERICAN POLITICS AND SOCIETY	A1
1531-426X	LATIN AMERICAN POLITICS AND SOCIETY	A1
1542-4278	LATIN AMERICAN RESEARCH REVIEW	A2
0023-8791	LATIN AMERICAN RESEARCH REVIEW	A2
1390-4248	LATIN AMERICAN REVIEW OF COMPARATIVE POLITICS	B2
1983-5086	LATINIDADE (RIO DE JANEIRO)	B4
1665-8574	LATINOAM�RICA. REVISTA DE EST�DIOS LATINOAMERICANOS	B1
1850-3659	LATITUD SUR	B4
2179-5428	LATITUDE	B4
1981-5921	LATITUDE (UFAL)	B4
1743-8721	LAW, CULTURE AND THE HUMANITIES	B1
2153-4020	LAWINTER REVIEW	B5
1519-8049	L&C (BRAS�LIA)	C 
0362-9805	LEGISLATIVE STUDIES QUARTERLY	A1
0922-1565	LEIDEN JOURNAL OF INTERNATIONAL LAW	A1
1297-8450	LES ETUDES DU CERI	B5
0040-3075	LES TEMPS MODERNES (PARIS. 1945)	B1
2446-7278	LESTE VERMELHO	C 
1981-5239	LETRAS & LETRAS (ONLINE)	B4
2237-4485	LEVIATHAN - CADERNOS DE PESQUISA POL�TICA	B5
1806-1125	LEVIATHAN (S�O PAULO)	B5
2316-2163	LIBERTAS	B5
0717-0165	LIDER (OSORNO)	B4
1808-3536	LIINC EM REVISTA	B4
1518-0743	LINGUAGENS, EDUCA��O E SOCIEDADE	B5
1281-3389	L'OBSERVATEUR DES NATIONS UNIES	B5
1807-0175	LUA NOVA - REVISTA DE CULTURA E POL�TICA (ON-LINE)	A2
0102-6445	LUA NOVA (IMPRESSO)	A2
1415-8604	LUGAR COMUM	B5
2094-1188	LUMINA	B5
1415-854X	LUTAS SOCIAIS (PUCSP)	B4
2358-758X	MAIS QUE AMELIAS	C 
2446-5240	MALALA - REVISTA DO GRUPO DE TRABALHO ORIENTE M�DIO E MUNDO MU�ULMANO (GTOMMM)	B4
0104-9313	MANA (UFRJ. IMPRESSO)	B1
2444-6459	MARCO (M�RKETING Y COMUNICACI�N POL�TICA)	C 
1678-7684	MARGEM ESQUERDA	B5
1678-7684	MARGEM ESQUERDA	B5
0308-597X	MARINE POLICY	A1
2183-5462	MEDIA & JORNALISMO	B5
1645-5681	MEDIA E JORNALISMO	B5
1676-2827	MEDIA��O (BELO HORIZONTE)	B5
2176-6665	MEDIA��ES - REVISTA DE CI�NCIAS SOCIAIS	B2
2176-6665	MEDIA��ES: REVISTA DE CI�NCIAS SOCIAIS	B2
1848-5030	MEDIJSKE STUDIJE	B1
1807-9717	MEMENTO (TR�S CORA��ES)	B3
1518-1219	MERIDIANO 47 (UNB)	B2
0026-4148	MILITARY REVIEW	B3
2318-0811	MISES: REVISTA INTERDISCIPLINAR DE FILOSOFIA, DIREITO E ECONOMIA	C 
2447-0244	MISS�ES: REVISTA DE CI�NCIAS HUMANAS E SOCIAIS	B5
2237-3217	MNEMOSINE REVISTA	B4
2237-3217	MNEMOSINE REVISTA	B4
2316-8323	MON��ES: REVISTA DE RELA��ES INTERNACIONAIS DA UFGD	B2
2316-8323	MON��ES: REVISTA DE RELA��ES INTERNACIONAIS DA UFGD	B2
2176-8943	MOSAICO (RIO DE JANEIRO)	B5
2358-9205	MOVIMENTA��O	B4
2359-3296	MOVIMENTO - REVISTA DE EDUCA��O	B5
2238-8052	MOVIMENTOS SOCIAIS E DIN�MICAS ESPACIAIS	B4
2238-717X	MUITAS VOZES	B5
2409-0018	MUNDI MIGRATIOS	B5
1677-1451	MUNDO JOVEM (PUCRS)	C 
2175-2052	MUNDORAMA	B5
2446-6182	MURAL INTERNACIONAL	B2
2177-7314	MURAL INTERNACIONAL (ONLINE)	B2
1981-4526	NAU LITER�RIA	B1
2237-7840	NAU SOCIAL	B4
2237-7840	NAU SOCIAL	B4
0100-1248	NAVIGATOR (RIO DE JANEIRO)	B2
0898-2937	NBER WORKING PAPER SERIES	B5
2447-2646	NEARI EM REVISTA	C 
2194-6566	NEW GLOBAL STUDIES	B2
1940-0004	NEW GLOBAL STUDIES	B2
0028-6060	NEW LEFT REVIEW	A2
2447-794X	NEXUS - REVISTA DE EXTENS�O DO IFAM	C 
2318-1966	NORUS - NOVOS RUMOS SOCIOL�GICOS	B2
0103-6351	NOVA ECONOMIA (UFMG. IMPRESSO)	B1
0104-7841	NOVA PERSPECTIVA SIST�MICA	B3
1983-2680	NOVATIO IURIS	C 
1516-6481	NOVOS CADERNOS NAEA	B2
2358-0097	NOVOS DEBATES - F�RUM DE DEBATES EM ANTROPOLOGIA	B5
0101-3300	NOVOS ESTUDOS. CEBRAP	A2
0101-3300	NOVOS ESTUDOS. CEBRAP	A2
0101-3300	NOVOS ESTUDOS CEBRAP (IMPRESSO)	A2
1980-5403	NOVOS ESTUDOS CEBRAP (ONLINE)	A2
1413-2117	NOVOS ESTUDOS JUR�DICOS (UNIVALI)	C 
2175-6279	NOVOS TEMAS	B5
1413-9855	NUANCES (UNESP PRESIDENTE PRUDENTE)	B5
0251-3552	NUEVA SOCIEDAD	B2
1626-0252	NUEVO MUNDO MUNDOS NUEVOS	B2
1122-228X	NUOVE AUTONOMIE	B5
2318-9711	O COSMOPOL�TICO	B4
1678-6637	O DEBATEDOURO	B5
2236-7950	O DIREITO ALTERNATIVO	B5
1415-1804	O SOCIAL EM QUEST�O	B3
1809-7588	OBSERVADOR ON-LINE	B4
1646-5954	OBSERVATORIO (OBS*)	A2
2318-0919	OCULUM ENSAIOS	B4
2182-7966	OFICINA DO CES	B5
2178-3748	OFICINA DO HISTORIADOR	B4
1808-0235	OIKOS (RIO DE JANEIRO)	B3
2318-1095	OLHARES AMAZ�NICOS	C 
1852-3854	ONTEAIKEN. BOLET�N SOBRE PR�CTICAS Y ESTUDIOS DE ACCI�N COLECTIVA	B5
1807-0191	OPINI�O P�BLICA	A1
0104-6276	OPINI�O P�BLICA (UNICAMP)	A1
0104-6276	OPINI�O P�BLICA (UNICAMP. IMPRESSO)	A1
2177-5648	OPSIS	B3
1519-3276	OPSIS (UFG)	B3
2064-9908	OPUS ET EDUCATIO	C 
2178-4809	ORBIS REVISTA CIENT�FICA	B5
1807-1236	ORGANICOM (USP)	B5
1413-585X	ORGANIZA��ES & SOCIEDADE (IMPRESSO)	B1
1984-9230	ORGANIZA��ES & SOCIEDADE (ONLINE)	B1
1851-4715	OTRA ECONOM�A	B3
1636-3671	OUTRE-TERRE	B4
1516-6333	OUTUBRO (S�O PAULO)	B4
1022-7873	P�GINAS (LIMA)	C 
2446-9556	PAIAGU�S: REVISTA DE ESTUDOS SOBRE A AMAZ�NIA E PAC�FICO	B5
2317-7977	PANORAMA EUA	C 
2447-2867	PANORAMA INTERNACIONAL FEE	C 
2318-1516	PANORAMA OF BRAZILIAN LAW	B3
1075-1343	PANORAMA OF BRAZILIAN LAW	B3
1851-2577	PAPELES DE TRABAJO (INSTITUTO DE ALTOS ESTUDIOS SOCIALES. EN L�NEA)	B4
1516-9111	PAPERS DO NAEA (UFPA)	B4
2178-8162	PARALELLUS. REVISTA DE ESTUDOS DE RELIGI�O - UNICAP	B4
1414-7866	PARAN� ELEITORAL	B4
1677-7395	PARANO� (UNB)	B4
1984-2503	PASSAGENS: REVISTA INTERNACIONAL DE HIST�RIA POL�TICA E CULTURA JUR�DICA	B3
1390-843X	PATRIA. AN�LISIS POL�TICO DE LA DEFENSA	B5
2167-8359	PEERJ	A2
1415-5109	PENSAMENTO & REALIDADE	B4
2238-4642	PENSAMENTO PLURAL	B3
1982-2707	PENSAMENTO PLURAL (UFPEL)	B3
1016-9628	PENSAMIENTO PROPIO	B3
2317-2150	PENSAR - REVISTA DE CI�NCIAS JUR�DICAS	B3
1676-9503	PENSAR BH. POL�TICA SOCIAL	C 
1519-8464	PENSAR (UNIFOR)	B3
2237-678X	PENSATA	B5
2237-678X	PENSATA ? REVISTA DOS ALUNOS DO PROGRAMA DE P�S-GRADUA��O EM CI�NCIAS SOCIAIS DA UNIFESP	B5
1468-4233	PERCEPTION	A2
1982-4289	PERSEU: HIST�RIA, MEM�RIA E POL�TICA	B5
1808-575X	PERSPECTIVA ECON�MICA (S�O LEOPOLDO. ONLINE)	B4
0104-6454	PERSPECTIVA FILOSOFICA (UFPE)	B4
0101-3459	PERSPECTIVAS : REVISTA DE CI�NCIAS SOCIAIS (UNESP. ARARAQUARA. IMPRESSO)	B2
2238-0507	PERSPECTIVAS EM CI�NCIAS TECNOL�GICAS	B4
2236-417X	PERSPECTIVAS EM GEST�O & CONHECIMENTO	B3
2236-045X	PERSPECTIVAS EM POL�TICAS P�BLICAS	B3
1983-3733	PERSPECTIVAS EM POL�TICAS P�BLICAS	B3
2236-8876	PERSPECTIVAS ONLINE: HUMANAS E SOCIAIS APLICADAS	B3
1984-0241	PERSPECTIVAS: REVISTA DE CI�NCIAS SOCIAIS	B3
1984-0241	PERSPECTIVAS: REVISTA DE CI�NCIAS SOCIAIS (ONLINE)	B3
0101-3459	PERSPECTIVAS (S�O PAULO)	B2
2317-7438	PERSPECTIVAS SOCIAIS	B5
1537-5927	PERSPECTIVES ON POLITICS (PRINT)	A1
1806-9029	PESQUISA & DEBATE (S�O PAULO. 1985. ONLINE)	B4
2237-9444	PESQUISA E DEBATE EM EDUCA��O	B4
0080-4622	PHILOSOPHICAL TRANSACTIONS OF THE ROYAL SOCIETY OF LONDON. BIOLOGICAL SCIENCES	A1
2360-9508	PINNACLE PSYCHOLOGY	B5
0103-4138	PLANEJAMENTO E POLITICAS PUBLICAS	B4
1932-6203	PLOS ONE	A1
1932-6203	PLOS ONE	A1
2176-8099	PLURAL (S�O PAULO. ONLINE)	B3
0104-6721	PLURAL (USP)	B3
2238-1953	PLURIMUS. CULTURA E DESENVOLVIMENTO EM REVISTA	B5
1983-9456	PMKT: REVISTA BRASILEIRA DE PESQUISAS DE MARKETING, OPINI�O E M�DIA	B4
1944-2866	POLICY & INTERNET	A2
1989-2667	POLICY BRIEF	C 
0144-2872	POLICY STUDIES	A1
2238-152X	POLIS E PSIQUE	B3
0718-6568	POLIS (SANTIAGO. EN L�NEA)	B1
0717-6554	POLIS (SANTIAGO. IMPRESA)	B1
2219-4142	POLITAI: REVISTA DE CIENCIA POL�TICA	B4
1677-4140	POL�TICA & SOCIEDADE (IMPRESSO)	B2
2175-7984	POL�TICA & SOCIEDADE (ONLINE)	B2
1517-5901	POL�TICA & TRABALHO (ONLINE)	B3
1517-5901	POL�TICA & TRABALHO (UFPB. IMPRESSO)	B3
1518-7446	POL�TICA DEMOCR�TICA	B5
1518-7446	POL�TICA DEMOCR�TICA	B5
1518-6660	POL�TICA EXTERNA	B2
1518-6660	POL�TICA EXTERNA (USP)	B2
0104-7094	POLITICA HOJE (UFPE. IMPRESSO)	B2
1665-2037	POLITICA Y GOBIERNO	B1
1130-8001	POL�TICA Y SOCIEDAD	B1
1058-4609	POLITICAL COMMUNICATION (PRINT)	A1
1065-9129	POLITICAL RESEARCH QUARTERLY	A1
1478-9299	POLITICAL STUDIES REVIEW (PRINT)	A1
0090-5917	POLITICAL THEORY	A2
1983-3717	POL�TICAS CULTURAIS EM REVISTA	B3
1518-4285	POL�TICAS SOCIAIS (IPEA)	B3
1564-4162	POL�TICAS SOCIALES	B5
1555-5623	POLITICS & POLICY (STATESBORO, GA.)	A2
1604-0058	POLITIK	B4
0258-9346	POLITIKON (ABINGDON)	A2
1583-3984	POLITIKON. INTERNATIONAL ASSOCIATION OF POLITICAL SCIENCE STUDENTS	B4
0032-3470	POLITISCHE VIERTELJAHRESSCHRIFT	B1
0032-3497	POLITY	A2
1813-4378	PONTES ENTRE O COM�RCIO E O DESENVOLVIMENTO SUSTENT�VEL (IMPRESSO)	B4
1996-9198	PONTES: INFORMA��ES E AN�LISES SOBRE COM�RCIO E DESENVOLVIMENTO SUSTENT�VEL	C 
1983-733X	PONTO DE VISTA (RIO DE JANEIRO)	C 
1982-4807	PONTO-E-V�RGULA (PUCSP)	B3
0267-5315	PORTUGUESE STUDIES	B1
1944-2858	POVERTY & PUBLIC POLICY	B4
1984-4352	PRACS: REVISTA ELETR�NICA DE HUMANIDADES DO CURSO DE CI�NCIAS SOCIAIS DA UNIFAP	B4
2237-1508	PRAGMATIZES- REVISTA LATINO AMERICANA DE ESTUDOS EM CULTURA	B5
1679-0944	P@RANO� (UNB)	B4
2179-104X	PR�TICAS DISCURSIVAS AMAZ�NICAS	B5
0360-4918	PRESIDENTIAL STUDIES QUARTERLY	B2
1517-672X	PRETEXTO (BELO HORIZONTE. IMPRESSO)	B3
1676-7039	PRIMEIRA VERS�O (IFCH-UNICAMP)	B5
2237-2423	PRIMEIROS ESTUDOS - REVISTA DE GRADUA��O EM CI�NCIAS SOCIAIS	C 
1415-7888	PRINC�PIOS (S�O PAULO)	C 
1877-0509	PROCEDIA COMPUTER SCIENCE	B5
2176-5960	PROMETEUS FILOSOFIA EM REVISTA	B5
1980-6248	PR�-POSI��ES (UNICAMP. ONLINE)	B1
1995-7785	PROPUESTA EDUCATIVA (ONLINE)	B1
1678-6408	PROTESTANTISMO EM REVISTA	B5
2446-7340	PRUMO	B5
2082-1212	PRZEGL�D PRAWA KONSTYTUCYJNEGO	C 
0102-7182	PSICOLOGIA E SOCIEDADE (IMPRESSO)	A2
0103-6564	PSICOLOGIA USP (IMPRESSO)	B1
1927-5188	PUBLIC ADMINISTRATION RESEARCH	B2
1809-0109	PUBLICA��ES AVULSAS EM CONSERVA��O DE ECOSSISTEMAS	C 
1747-7107	PUBLIUS (ONLINE)	A1
1806-3667	PUCVIVA REVISTA	C 
1669-7146	PUENTE @ EUROPA (EN L�NEA)	C 
0392-1867	QUADERNI FIORENTINI PER LA STORIA DEL PENSIERO GIURIDICO MODERNO	B5
1807-8389	QUAESTIO IURIS (IMPRESSO)	B4
0033-5177	QUALITY AND QUANTITY	A2
0034-7590	RAE. REVISTA DE ADMINISTRA��O DE EMPRESAS	A1
2179-6165	RARI - REVISTA ACAD�MICA DE RELA��ES INTERNACIONAIS	C 
1984-6142	RAUSP - REVISTA DE ADMINISTRA��O (S�O PAULO. ONLINE)	B2
1676-8000	RBEE. REVISTA BRASILEIRA DE ECONOMIA DE EMPRESAS	B4
1806-8405	RBPG. REVISTA BRASILEIRA DE P�S-GRADUA��O	B2
1983-4659	REA REVISTA DE ADMINISTRA��O DA UFSM	B4
1679-9127	REA. REVISTA ELETR�NICA DE ADMINISTRA��O (FRANCA. ONLINE)	B3
2358-3401	REALIZA��O - REVISTA ONLINE DE EXTENS�O DA UFGD	B5
2237-339X	REBELA - REVISTA BRASILEIRA DE ESTUDOS LATINO-AMERICANOS	B4
1981-6278	RECIIS. REVISTA ELETR�NICA DE COMUNICA��O, INFORMA��O & INOVA��O EM SA�DE (EDI��O EM PORTUGU�S. ONLINE)	B2
1981-6278	RECIIS-REVISTA ELETR�NICA DE COM. INFORMA��O & INOVA��O EM SA�DE	B2
2318-8081	REDES - REVISTA ELETR�NICA DIREITO E SOCIEDADE	B5
1579-0185	REDES, REVISTA HISPANA PARA EL AN�LISIS DE REDES SOCIALES	B4
1414-7106	REDES (SANTA CRUZ DO SUL. IMPRESSO)	C 
2152-906X	REGIONS AND COHESIONS	B1
0185-0814	RELACIONES INTERNACIONALES	B3
1515-3371	RELACIONES INTERNACIONALES (LA PLATA)	B3
1699-3950	RELACIONES INTERNACIONALES (MADRID)	B1
2316-2880	RELA��ES INTERNACIONAIS DO MUNDO ATUAL	B5
1645-9199	RELA��ES INTERNACIONAIS (LISBOA)	B1
2316-2880	RELA��ES INTERNACIONAIS NO MUNDO ATUAL	B5
2525-7870	RELACULT - REVISTA LATINO-AMERICANA DE ESTUDOS EM CULTURA E SOCIEDADE	B5
1980-8585	REMHU (BRAS�LIA)	B2
2470-4407	RESEARCH IN ECONOMICS AND MANAGEMENT (PRINT)	B5
2014-671X	RESEARCH ON AGEING AND SOCIAL POLICY	B5
0104-6152	RESENHA ELEITORAL - TRIBUNAL REGIONAL ELEITORAL DE SANTA CATARINA	B5
2238-4391	RETRATOS DA ESCOLA	B5
2179-8834	REUNA (ON LINE)	B4
0147-9032	REVIEW - FERNAND BRAUDEL CENTER FOR THE STUDY OF ECONOMIES, HISTORICAL SYSTEMS, AND CIVILIZATIONS	B2
2050-0394	REVIEW OF EUROPEAN, COMPARATIVE & INTERNATIONAL ENVIRONMENTAL LAW	B1
2049-5323	REVIEW OF KEYNESIAN ECONOMICS	A2
0953-8259	REVIEW OF POLITICAL ECONOMY	A2
2249-894X	REVIEW OF RESEARCH	C 
2378-8550	REVIEW OF SOCIAL SCIENCES	B5
1808-2807	REVIST JUR�DICA (BRASILIA)	C 
2448-2307	REVISTA ACAD�MICA	B5
2237-2733	REVISTA ACAD�MICA S�O MARCOS	B5
2178-0080	REVISTA ADMINISTRA��O EM DI�LOGO - RAD	B5
2525-5657	REVISTA �GORA: POL�TICAS P�BLICAS, COMUNICA��O E GOVERNAN�A INFORMACIONAL	B5
1982-1689	REVISTA ANAGRAMA (USP)	B5
2221-4135	REVISTA ANDINA DE ESTUDIOS POL�TICOS	B4
2447-3618	REVISTA APROXIMANDO	B5
2317-8698	REVISTA ARTE 21	C 
1807-8214	REVISTA �RTEMIS	B3
2316-5251	REVISTA �RTEMIS - ESTUDOS DE G�NERO, FEMINISMO E SEXUALIDADES	B3
2176-5626	REVISTA BRASILEIRA ADOLESC�NCIA E CONFLITUALIDADE	B5
2179-684X	REVISTA BRASILEIRA DE ADMINISTRA��O CIENT�FICA	B4
1983-0823	REVISTA BRASILEIRA DE BIOMETRIA	B5
2178-4884	REVISTA BRASILEIRA DE CI�NCIA POL�TICA	B1
0103-3352	REVISTA BRASILEIRA DE CI�NCIA POL�TICA - RBCP	B1
0103-3352	REVISTA BRASILEIRA DE CI�NCIA POL�TICA (IMPRESSO)	B1
2176-9478	REVISTA BRASILEIRA DE CI�NCIAS AMBIENTAIS	B4
1415-5400	REVISTA BRASILEIRA DE CI�NCIAS CRIMINAIS	B2
2178-0013	REVISTA BRASILEIRA DE CIENCIAS POLICIAIS	B3
0102-6909	REVISTA BRASILEIRA DE CI�NCIAS SOCIAIS (IMPRESSO)	A2
1806-9053	REVISTA BRASILEIRA DE CI�NCIAS SOCIAIS (ONLINE)	A2
2176-6649	REVISTA BRASILEIRA DE COMPUTA��O APLICADA	B5
2238-2593	REVISTA BRASILEIRA DE COMUNICA��O ORGANIZACIONAL E RELA��ES P�BLICAS	B5
2317-5443	REVISTA BRASILEIRA DE DESENVOLVIMENTO REGIONAL	B5
1678-7072	REVISTA BRASILEIRA DE DIREITO P�BLICO	B5
1517-3151	REVISTA BRASILEIRA DE ENGENHARIA BIOM�DICA	A2
1415-790X	REVISTA BRASILEIRA DE EPIDEMIOLOGIA	A2
2448-3923	REVISTA BRASILEIRA DE ESTUDOS AFRICANOS	B5
2358-3932	REVISTA BRASILEIRA DE ESTUDOS DE DEFESA	B2
2358-3916	REVISTA BRASILEIRA DE ESTUDOS DE DEFESA	B2
0102-3098	REVISTA BRASILEIRA DE ESTUDOS DE POPULA��O (IMPRESSO)	A1
1984-5642	REVISTA BRASILEIRA DE ESTUDOS ESTRAT�GICOS	B2
0034-7183	REVISTA BRASILEIRA DE ESTUDOS PEDAG�GICOS (IMPRESSO)	B2
0034-7191	REVISTA BRASILEIRA DE ESTUDOS POL�TICOS	B3
2317-1529	REVISTA BRASILEIRA DE ESTUDOS URBANOS E REGIONAIS	B4
1517-4115	REVISTA BRASILEIRA DE ESTUDOS URBANOS E REGIONAIS (ANPUR)	B4
1983-0807	REVISTA BRASILEIRA DE GEST�O DE NEG�CIOS (ONLINE)	B1
1809-239X	REVISTA BRASILEIRA DE GEST�O E DESENVOLVIMENTO REGIONAL	B1
2319-0639	REVISTA BRASILEIRA DE GEST�O E INOVA��O	B5
2175-3423	REVISTA BRASILEIRA DE HIST�RIA & CI�NCIAS SOCIAIS	B2
2238-5126	REVISTA BRASILEIRA DE HIST�RIA DA M�DIA	B5
1806-9347	REVISTA BRASILEIRA DE HIST�RIA (ONLINE)	B5
2317-6644	REVISTA BRASILEIRA DE INFORMA��O BIBLIOGR�FICA EM CI�NCIAS SOCIAIS - BIB	B2
2236-5877	REVISTA BRASILEIRA DE MONITORAMENTO E AVALIA��O	B5
2317-2363	REVISTA BRASILEIRA DE PLANEJAMENTO E DESENVOLVIMENTO	B5
2237-3985	REVISTA BRASILEIRA DE PLANEJAMENTO E OR�AMENTO	B5
1678-166X	REVISTA BRASILEIRA DE POL�TICA E ADMINISTRA��O DA EDUCA��O	B5
1983-3121	REVISTA BRASILEIRA DE POL�TICA INTERNACIONAL	A1
0034-7329	REVISTA BRASILEIRA DE POL�TICA INTERNACIONAL (IMPRESSO)	A1
1983-3121	REVISTA BRASILEIRA DE POL�TICA INTERNACIONAL (ONLINE)	A1
2236-1677	REVISTA BRASILEIRA DE POLITICAS PUBLICAS	B3
2179-8338	REVISTA BRASILEIRA DE POL�TICAS P�BLICAS	B3
2525-5584	REVISTA BRASILEIRA DE POL�TICAS P�BLICAS E INTERNACIONAIS	B4
0303-7657	REVISTA BRASILEIRA DE SA�DE OCUPACIONAL	B2
1981-1659	REVISTA BRASILEIRA DE SEGURAN�A P�BLICA	B2
0103-7072	REVISTA BRASILEIRA (RIO DE JANEIRO. 1941)	B4
2317-0352	REVISTA CAF� COM SOCIOLOGIA	C 
1677-7794	REVISTA CANTAREIRA	C 
1414-008X	REVISTA CEJ (BRAS�LIA)	C 
1516-2664	REVISTA CESUMAR	C 
0719-7551	REVISTA CHILENA DE DERECHO DEL TRABAJO Y DE LA SEGURIDAD SOCIAL	B4
2447-1399	REVISTA CIDADANIA E DIREITOS HUMANOS	B5
1133-6595	REVISTA CIDOB D'AFERS INTERNACIONALS (1985)	B2
2179-1120	REVISTA CI�NCIAS HUMANAS	B5
2318-1621	REVISTA CIENT�FICA DA ORDEM DOS ADVOGADOS DO BRASIL SEC��O PIAU�	C 
2236-4781	REVISTA COMPOLITICA	B2
1678-9822	REVISTA COMUNICA��O MIDI�TICA	B3
2176-7777	REVISTA CONEX�O SIPAER	C 
2176-0144	REVISTA CONEX�ES - CI�NCIA E TECNOLOGIA	C 
1519-7077	REVISTA CONTABILIDADE & FINAN�AS (IMPRESSO)	B1
2236-4846	REVISTA CONTEMPOR�NEA	B4
1982-0240	REVISTA CONTEXTO INTERNACIONAL (ONLINE)	A2
1808-7558	REVISTA CONTINENTE	C 
2238-2577	REVISTA CONTRACAMPO	B4
0254-1106	REVISTA CR�TICA DE CI�NCIAS SOCIAIS	B2
2316-9060	REVISTA CULTURA E EXTENS�O USP	B5
1679-2483	REVISTA DA ABET (IMPRESSO)	B4
0102-7158	REVISTA DA ABRALIN	B4
1679-1363	REVISTA DA AJURIS	B4
1679-768X	REVISTA DA ANPEGE	B5
2176-0683	REVISTA DA ANPG: CI�NCIA, TECNOLOGIA E POL�TICAS EDUCACIONAIS	B5
1982-2065	REVISTA DA CI�NCIA DA ADMINISTRA��O (RECIFE)	B5
2236-8957	REVISTA DA EMERJ	B4
2359-3075	REVISTA DA ESCOLA DE GUERRA NAVAL	B1
1809-3191	REVISTA DA ESCOLA DE GUERRA NAVAL (ED. PORTUGU�S)	B1
0102-1788	REVISTA DA ESCOLA SUPERIOR DE GUERRA	B2
2236-7284	REVISTA DA FACULDADE DE DIREITO DA UFPR	B3
1984-1841	REVISTA DA FACULDADE DE DIREITO DA UNIVERSIDADE FEDERAL DE MINAS GERAIS	B3
0304-2340	REVISTA DA FACULDADE DE DIREITO DA UNIVERSIDADE FEDERAL DE MINAS GERAIS (IMPRESSO)	B3
0104-3315	REVISTA DA FACULDADE DE DIREITO (UFPR)	B3
1646-8872	REVISTA DA GEST�O COSTEIRA INTEGRADA	B2
1982-1867	REVISTA DA SBENBIO	B4
1415-1979	REVISTA DA SOCIEDADE BRASILEIRA DE ECONOMIA POL�TICA	B2
2175-2567	REVISTA DA UNIFA	B3
1677-4558	REVISTA DA UNIFA (IMPRESSO)	B3
1517-0276	REVISTA DA UNIVERSIDADE VALE DO RIO VERDE	B5
1983-4659	REVISTA DE ADMINISTRA��O DA UFSM	B4
1679-5350	REVISTA DE ADMINISTRA��O DA UNIMEP	B5
2237-7956	REVISTA DE ADMINISTRACAO IMED	B5
0034-7604	REVISTA DE ADMINISTRA��O MUNICIPAL	B3
1982-3134	REVISTA DE ADMINISTRA��O P�BLICA	A1
0034-7612	REVISTA DE ADMINISTRA��O P�BLICA (IMPRESSO)	A1
2415-2498	REVISTA DE CIENCIA POL�TICA - POLITAI (EN L�NEA)	B3
0718-090X	REVISTA DE CIENCIA POL�TICA (SANTIAGO. EN L�NEA)	A2
0716-1417	REVISTA DE CIENCIA POL�TICA (SANTIAGO. IMPRESA)	A2
1677-6062	REVISTA DE CI�NCIAS AGRO-AMBIENTAIS (ONLINE)	B5
1516-3865	REVISTA DE CI�NCIAS DA ADMINISTRA��O (CAD/UFSC)	B5
2178-4582	REVISTA DE CI�NCIAS HUMANAS	B2
0101-9589	REVISTA DE CI�NCIAS HUMANAS (UFSC)	B2
1519-1974	REVISTA DE CI�NCIAS HUMANAS (VI�OSA)	B4
2183-0711	REVISTA DE CI�NCIAS MILITARES	B2
2183-0711	REVISTA DE CI�NCIAS MILITARES	B2
2318-4620	REVISTA DE CI�NCIAS SOCIAIS (UFC)	B3
2175-6805	REVISTA DE CULTURA E EXTENS�O	B5
2178-8022	REVISTA DE DESENVOLVIMENTO ECON�MICO	B3
1413-1439	REVISTA DE DIREITO AMBIENTAL	B3
2237-583X	REVISTA DE DIREITO BRASILEIRA - RDBRAS	B5
1678-8974	REVISTA DE DIREITO DA ASSOCIA��O DOS PROCURADORES DO NOVO ESTADO DO RIO DE JANEIRO	B5
1809-6077	REVISTA DE DIREITO DA CIDADE	B5
2237-1036	REVISTA DE DIREITO INTERNACIONAL	B2
2236-997X	REVISTA DE DIREITO INTERNACIONAL	B2
2236-997X	REVISTA DE DIREITO INTERNACIONAL (UNICEUB)	B2
1678-7102	REVISTA DE DIREITO P�BLICO DA ECONOMIA	B5
1516-4179	REVISTA DE DIREITO SANIT�RIO	B4
1677-4973	REVISTA DE ECONOMIA & RELA��ES INTERNACIONAIS	C 
1980-5527	REVISTA DE ECONOMIA CONTEMPOR�NEA	B1
1415-9848	REVISTA DE ECONOMIA CONTEMPOR�NEA (IMPRESSO)	B1
0103-2003	REVISTA DE ECONOMIA E SOCIOLOGIA RURAL	A2
0103-2003	REVISTA DE ECONOMIA E SOCIOLOGIA RURAL	A2
0103-2003	REVISTA DE ECONOMIA E SOCIOLOGIA RURAL (IMPRESSO)	A2
1807-2674	REVISTA DE ECONOMIA POL�TICA E HIST�RIA ECON�MICA	B5
0101-3157	REVISTA DE ECONOMIA POL�TICA (IMPRESSO)	A1
1809-4538	REVISTA DE ECONOMIA POL�TICA (ONLINE)	A1
2238-3360	REVISTA DE EPIDEMIOLOGIA E CONTROLE DE INFEC��O	B5
2386-4540	REVISTA DE ESTUDIOS BRASILE�OS	B5
1132-7170	REVISTA DE ESTUDIOS EUROPEOS	B2
2255-1891	REVISTA DE ESTUDIOS PORTUGUESES Y BRASILE�OS	B4
0123-885X	REVISTA DE ESTUDIOS SOCIALES (EN LINEA)	A2
0718-2910	REVISTA DE ESTUDIOS TRANSFRONTERIZOS - SI SOMOS AMERICANOS (INTE/ CHILE)	B5
1984-1639	REVISTA DE ESTUDOS E PESQUISAS SOBRE AS AM�RICAS	B3
2319-0817	REVISTA DE ESTUDOS EMP�RICOS EM DIREITO	B5
2236-4811	REVISTA DE ESTUDOS INTERNACIONAIS	B2
2359-1226	REVISTA DE EXTENS�O UENF	C 
2359-2648	REVISTA DE FONTES	B5
2177-3246	REVISTA DE GEOPOLITICA	B3
2316-9141	REVISTA DE HIST�RIA	B5
2357-8556	REVISTA DE HIST�RIA BILROS	B4
1981-383X	REVISTA DE HIST�RIA COMPARADA (UFRJ)	B4
1645-2259	REVISTA DE HIST�RIA DA SOCIEDADE E DA CULTURA	B2
1414-0055	REVISTA DE HIST�RIA REGIONAL	B1
1808-4001	REVISTA DE HIST�RIA (RIO DE JANEIRO)	B2
0034-835X	REVISTA DE INFORMA��O LEGISLATIVA	B2
1415-8612	REVISTA DE INICIA��O CIENT�FICA DA F.F.C.	B5
2318-9452	REVISTA DE INICIA��O CIENT�FICA EM RELA��ES INTERNACIONAIS	B5
1516-7798	REVISTA DE INICIA��O CIENT�FICA (USP )	B5
0375-1066	REVISTA DE LA FACULTAD DE CIENCIAS M�DICAS, UNIVERSIDAD CENTRAL DEL ECUADOR	B4
2307-5163	REVISTA DE LA SECRETAR�A DEL TRIBUNAL PERMANENTE DE REVISI�N	B3
1983-8018	REVISTA DE LETRAS NORTE@MENTOS	C 
1809-5313	REVISTA DE LITERATURA, HIST�RIA E MEM�RIA (IMPRESSO)	B5
2182-7214	REVISTA DE MORFOLOGIA URBANA	B5
1679-0693	REVISTA DE NEG�CIOS INTERNACIONAIS (UNIMEP)	B4
1988-7221	REVISTA DE PAZ Y CONFLICTOS	B5
2178-2865	REVISTA DE POLITICAS P�BLICAS DA UFMA	B5
1678-4057	REVISTA DE POL�TICAS P�BLICAS E GEST�O GOVERNAMENTAL	B3
0104-8740	REVISTA DE POLITICAS PUBLICAS (UFMA)	B5
2175-1390	REVISTA DE PSICOLOGIA POL�TICA	B2
0104-4478	REVISTA DE SOCIOLOGIA E POL�TICA	A1
1678-9873	REVISTA DE SOCIOLOGIA E POL�TICA	A1
1678-9873	REVISTA DE SOCIOLOGIA E POL�TICA (ONLINE)	A1
0104-4478	REVISTA DE SOCIOLOGIA E POL�TICA (UFPR. IMPRESSO)	A1
0328-0764	REVISTA DE TRABAJO	B5
2318-0536	REVISTA DEBATE ECON�MICO	B5
2236-479X	REVISTA DEBATES	B2
2236-479X	REVISTA DEBATES	B2
1982-5269	REVISTA DEBATES (UFRGS)	B2
2447-9365	REVISTA DEFESA E SEGURAN�A	B5
1641-4713	REVISTA DEL CESLA	B3
2081-1160	REVISTA DEL CESLA	B3
2412-0715	REVISTA DEL COL�GIO INTERAMERICANO DE DEFENSA (IMPRESSO)	B2
2318-9681	REVISTA DEMOCRACIA E PARTICIPA��O	B4
1851-8311	REVISTA DENSIDADES	B5
2317-2010	REVISTA DIALECTUS	B5
2238-9024	REVISTA DI�LOGO	B3
2316-1795	REVISTA DI�LOGO DAS LETRAS	B4
2319-0558	REVISTA DIGITAL DE DIREITO ADMINISTRATIVO	B5
2317-2738	REVISTA DIGITAL DO INSTITUTO LATINO-AMERICANO DE ARTE, CULTURA E HIST�RIA- UNILA	B5
2447-987X	REVISTA DIPLOMATIZE	B5
2237-0021	REVISTA DIREITO AMBIENTAL E SOCIEDADE	B5
2179-8966	REVISTA DIREITO E PR�XIS	B2
1808-2432	REVISTA DIREITO GV	B2
2447-2336	REVISTA DIREITO UFMS	B5
1980-4148	REVISTA DISCENTE EXPRESS�ES GEOGR�FICAS	B5
1983-8891	REVISTA DISSERTATIO DE FILOSOFIA	B3
0101-7497	REVISTA DO ADVOGADO	C 
1415-0344	REVISTA DO CAAP	C 
2238-0280	REVISTA DO CAHIS UERJ	C 
1519-6968	REVISTA DO CEAM	B5
2317-1480	REVISTA DO CENTRO DE ESTUDOS RURAIS (RURIS)	B5
2448-2773	REVISTA DO CENTRO DE PESQUISA E FORMA��O	B5
1980-511X	REVISTA DO DIREITO P�BLICO (LONDRINA)	B5
2318-1869	REVISTA DO IMEA-UNILA	B4
1677-1419	REVISTA DO INSTITUTO BRASILEIRO DE DIREITOS HUMANOS	B5
1980-0428	REVISTA DO INSTITUTO DE CI�NCIAS HUMANAS	B5
2316-901X	REVISTA DO INSTITUTO DE ESTUDOS BRASILEIROS	B5
2316-901X	REVISTA DO INSTITUTO DE ESTUDOS BRASILEIROS	B5
2316-901X	REVISTA DO INSTITUTO DE ESTUDOS BRASILEIROS (IEB)	B5
1678-1864	REVISTA DO INSTITUTO DE HERMEN�UTICA JUR�DICA	B5
2447-780X	REVISTA DO INSTITUTO DE POL�TICAS P�BLICAS DE MAR�LIA	B5
2446-600X	REVISTA DO INSTITUTO DO LEGISLATIVO PAULISTA	C 
1980-3109	REVISTA DO INSTITUTO HIST�RICO E GEOGR�FICO DE MINAS GERAIS	B5
1981-9528	REVISTA DO INSTITUTO HIST�RICO E GEOGR�FICO DO ESP�RITO SANTO	B5
1678-3484	REVISTA DO INSTITUTO HIST�RICO E GEOGR�FICO DO RIO GRANDE DO SUL	B5
0101-4366	REVISTA DO INSTITUTO HIST�RICO E GEOGRAPHICO BRAZILEIRO	B4
1413-3873	REVISTA DO MINIST�RIO P�BLICO (RIO DE JANEIRO)	B5
2179-4545	REVISTA DO OBSERVAT�RIO BRASIL DE IGUALDADE DE G�NERO	B4
0034-9240	REVISTA DO SERVI�O P�BLICO	B1
1980-7481	REVISTA DO TCE - PI	B5
2447-2697	REVISTA DO TRIBUNAL DE CONTAS DO ESTADO DE MINAS GERAIS - TCMG	B5
0101-7160	REVISTA DO TRIBUNAL DE CONTAS DO ESTADO DO PARAN�	B5
2177-6458	REVISTA DOS ESTUDANTES DE DIREITO DA UNB	B5
1981-9684	REVISTA DOS ESTUDANTES DE DIREITO DA UNIVERSIDADE DE BRAS�LIA	B5
1853-9297	REVISTA DOS PUNTAS	B5
0100-4956	REVISTA ECON�MICA DO NORDESTE	B5
2316-2600	REVISTA ECOPOL�TICA	B4
2316-2600	REVISTA ECOPOL�TICA	B4
2175-8689	REVISTA ECO-P�S (ONLINE)	B5
2358-4521	REVISTA EDUC- FACULDADE DE DUQUE DE CAXIAS	B5
1980-6469	REVISTA EDUCA��O (GUARULHOS)	B5
2310-0036	REVISTA ELECTR�NICA DE INVESTIGA��O E DESENVOLVIMENTO	B5
2177-8256	REVISTA ELETR�NICA DA ACADEMIA BRASILEIRA DE DIREITO CONSTITUCIONAL	B3
1679-1061	REVISTA ELETR�NICA DA ANPHLAC	B3
2236-451X	REVISTA ELETR�NICA DE CI�NCIA POL�TICA	B5
2236-451X	REVISTA ELETR�NICA DE CI�NCIA POL�TICA	B5
2236-451X	REVISTA ELETR�NICA DE CI�NCIA POL�TICA - RECP	B5
2179-8443	REVISTA ELETR�NICA DE CULTURAS E EDUCA��O	B5
1981-9439	REVISTA ELETR�NICA DE DIREITO INTERNACIONAL	C 
1982-7199	REVISTA ELETR�NICA DE EDUCA��O (S�O CARLOS)	B3
1980-7791	REVISTA ELETR�NICA DIREITO E POL�TICA	B2
2175-0688	REVISTA ELETR�NICA DO PROGRAMA DE P�S-GRADUA��O DA C�MARA DOS DEPUTADOS	B2
1981-2434	REVISTA ELETR�NICA HIST�RIA EM REFLEX�O (UFGD)	B4
2176-9168	REVISTA EM AGRONEG�CIOS E MEIO AMBIENTE	B1
2177-2312	REVISTA E-METROPOLIS	B5
1678-1813	REVISTA ENFOQUES (RIO DE JANEIRO)	B4
2317-3491	REVISTA EQUADOR (UFPI)	B4
2357-7509	REVISTA ESCOLA DE NEG�CIOS	C 
1519-6186	REVISTA ESPA�O ACAD�MICO (UEM)	C 
1983-1579	REVISTA ESPA�O DO CURR�CULO (ONLINE)	C 
2316-3011	REVISTA ESPA�O LIVRE	C 
2238-0302	REVISTA ESPA�O PEDAG�GICO	C 
1575-6548	REVISTA ESPA�OLA DE CIENCIA POL�TICA	B1
1137-8875	REVISTA ESPA�OLA DE DESARROLLO Y COOPERACI�N	B2
2177-2851	REVISTA ESTUDOS DE POLITICA	B2
1806-9584	REVISTA ESTUDOS FEMINISTAS	B1
2177-1006	REVISTA ESTUDOS HUM(E)ANOS	B3
2447-5467	REVISTA ESTUDOS INSTITUCIONAIS	B4
2177-2851	REVISTA ESTUDOS POL�TICOS	B2
2236-6784	REVISTA EXTENS�O	B5
2319-0566	REVISTA EXTENS�O & CIDADANIA	B4
2178-6054	REVISTA EXTENS�O E SOCIEDADE	B5
1415-0549	REVISTA FAMECOS	B3
2317-2932	REVISTA FEMINISMOS	B4
2236-2037	REVISTA FEVEREIRO - POL�TICA, TEORIA, CULTURA	B5
2357-8300	REVISTA FLORESTAN	B5
1677-0161	REVISTA FONTES	B5
1984-8226	REVISTA FRONTEIRAS (ONLINE)	B5
2317-2983	REVISTA FSA (FACULDADE SANTO AGOSTINHO)	B3
1517-4999	REVISTA GEOPANTANAL	B4
2315-028X	REVISTA GEOUECE	B4
2179-0892	REVISTA GEOUSP	B2
2237-1095	REVISTA GEST�O & POL�TICAS P�BLICAS	B4
2317-3033	REVISTA GEST�O E CONTROLE	C 
2447-200X	REVISTA GEST�O E CONTROLE	C 
1983-4535	REVISTA GESTAO UNIVERSITARIA NA AMERICA LATINA - GUAL	B4
1983-4535	REVISTA GEST�O UNIVERSIT�RIA NA AM�RICA LATINA - GUAL	B4
2179-1538	REVISTA GLOCAL	C 
1809-7065	REVISTA HABITUS	C 
1808-091X	REVISTA HIST�RIA & LUTA DE CLASSES	B5
2316-4808	REVISTA HOMINUM	B5
1390-2776	REVISTA IBEROAMERICANA DE ECONOMIA ECOL�GICA	B5
1390-2776	REVISTA IBEROAMERICANA DE ECONOM�A ECOL�GICA	B5
0718-8838	REVISTA IBEROAMERICANA DE ESTUDIOS MUNICIPALES	B2
2446-8606	REVISTA IBERO-AMERICANA DE ESTUDOS EM EDUCA��O	B2
1982-5587	REVISTA IBERO-AMERICANA DE ESTUDOS EM EDUCA��O	B2
2179-8419	REVISTA IBEROAMERICANA DE ESTUDOS LEGISLATIVOS	B5
2013-6242	REVISTA IBEROAMERICANA DE URBANISMO	B3
2013-6242	REVISTA IBEROAMERICANA DE URBANISMO -	B3
2178-1842	REVISTA INTER A��O	B5
2178-1842	REVISTA INTERA��O	B5
2178-1842	REVISTA INTERA��O (UFSM)	B5
1518-8167	REVISTA INTERDISCIPLINAR DE DIREITO	B4
2318-9568	REVISTA INTERDISCIPLINAR DE DIREITOS HUMANOS	B5
2317-2428	REVISTA INTERDISCIPLINAR DE GEST�O SOCIAL	B5
2237-9843	REVISTA INTERDISCIPLINAR DE MOBILIDADE HUMANA	B1
2447-2948	REVISTA INTERDISCIPLINAR DE PESQUISA E INOVA��O	C 
1853-1679	REVISTA INTERDISCIPLINARIA DE ESTUDIOS SOCIALES	B3
2316-3321	REVISTA INTERFACES CIENT�FICAS - DIREITO	B3
2254-7207	REVISTA INTERNACIONAL DE CIENCIAS SOCIALES INTERDISCIPLINARES	B3
2446-9424	REVISTA INTERNACIONAL DE EDUCA��O SUPERIOR	B3
1807-4960	REVISTA INTERNACIONAL DE FOLKCOMUNICA��O	C 
2253-6825	REVISTA INTERNACIONAL DE HUMANIDADES	B5
2445-1711	REVISTA INTERNACIONAL DE INVESTIGACI�N Y DOCENCIA	B3
0034-9712	REVISTA INTERNACIONAL DE SOCIOLOG�A	B1
2176-6789	REVISTA INTRATEXTOS	B5
2179-0167	REVISTA JURES	C 
2317-918X	REVISTA JUR�DICA	B3
1519-8065	REVISTA JUR�DICA CONSULEX	C 
2238-4847	REVISTA JUR�DICA DA ESCOLA SUPERIOR DO MINIST�RIO P�BLICO DE S�O PAULO	C 
1806-3241	REVISTA JUR�DICA DA FIC	B5
2236-3645	REVISTA JUR�DICA DA PRESID�NCIA	C 
1982-4858	REVISTA JUR�DICA (FURB. ONLINE)	B5
1414-4980	REVISTA KAT�LYSIS (IMPRESSO)	B1
2526-0707	REVISTA LABORAT�RIOS DE HIST�RIA	B5
2222-2596	REVISTA LATINOAMERICANA DE DERECHO Y POL�TICAS AMBIENTALES	C 
1853-3744	REVISTA LATINOAMERICANA DE EDUCACI�N COMPARADA	B2
1518-8345	REVISTA LATINO-AMERICANA DE ENFERMAGEM (ONLINE)	B1
2177-2886	REVISTA LATINO-AMERICANA DE GEOGRAFIA E G�NERO	B4
1853-6190	REVISTA LATINOAMERICANA DE METODOLOG�A DE LA INVESTIGACI�N SOCIAL	B3
1852-9003	REVISTA LATINO-AMERICANA DE OPINI�N P�BLICA	B5
1852-9003	REVISTA LATINOAMERICANA DE OPINI�N P�BLICA	B5
1983-2192	REVISTA LEVS - REVISTA VIRTUAL DO LABORAT�RIO DE ESTUDOS DA VIOL�NCIA E SEGURAN�A	B5
2446-4988	REVISTA LEXMAX	B5
2175-5280	REVISTA LIBERDADES	B5
1983-7429	REVISTA LITTERIS	B3
0034-9860	REVISTA MAR�TIMA BRASILEIRA	B3
2358-0593	REVISTA MEMORARE	B4
1808-513X	REVISTA MESTRADO EM DIREITO (UNIFIEO. IMPRESSO)	B5
0185-1918	REVISTA MEXICANA DE CIENCIAS POL�TICAS Y SOCIALES	B1
2316-4522	REVISTA MILITAR DE CI�NCIA E TECNOLOGIA	B5
1984-9222	REVISTA MUNDOS DO TRABALHO	B3
2177-7314	REVISTA MURAL INTERNACIONAL	B2
2176-9907	REVISTA NEG�CIOS E TALENTOS	B5
2317-3459	REVISTA NEIBA - CADERNOS ARGENTINA-BRASIL	B3
2447-5548	REVISTA NEP - N�CLEO DE ESTUDOS PARANAENSES DA UFPR	B5
1806-6755	REVISTA NERA (UNESP)	B3
2176-5790	REVISTA NIEJ	B5
0102-5864	REVISTA NOVOS RUMOS	C 
2175-7429	REVISTA NUPEM (IMPRESSO)	B5
2447-4266	REVISTA OBSERVAT�RIO	B3
1981-125X	REVISTA OBSERVAT�RIO ITA� CULTURAL	C 
2238-1082	REVISTA OLHARES SOCIAIS. UNIVERSIDADE FEDERAL DO REC�NCAVO DA BAHIA	B5
2237-6976	REVISTA ORBIS LATINA	B4
2447-5009	REVISTA OUTONO21	C 
1680-5348	REVISTA PANAMERICANA DE SALUD P�BLICA (IMPRESA) / PAN AMERICAN JOURNAL OF PUBLIC HEALTH (IMPRESA)	A2
2314-1638	REVISTA PARAGUAY DESDE LAS CIENCIAS SOCIALES	B3
2077-5172	REVISTA PARAGUAYA DE ESTUDIOS POL�TICOS CONTEMPOR�NEO - NOVAPOLIS	B3
0556-6916	REVISTA PARANAENSE DE DESENVOLVIMENTO	B3
2236-5567	REVISTA PARANAENSE DE DESENVOLVIMENTO (ONLINE)	B3
2318-4248	REVISTA PARLAMENTO & SOCIEDADE	B4
2358-4831	REVISTA PEABIRU	B5
1984-1566	REVISTA PEDAG�GICA (CHAPEC�. ONLINE)	B5
2318-681X	REVISTA PERSPECTIVAS DO DESENVOLVIMENTO	C 
2175-7801	REVISTA PHYSIS	C 
2469-1763	REVISTA POLITICA LATINOAMERICANA	B5
2358-0690	REVISTA POL�TICA SOCIAL E DESENVOLVIMENTO	B5
0716-1077	REVISTA POL�TICA (UNIVERSIDADE DE CHILE)	B5
1808-6462	REVISTA PONTES	B4
1677-2067	REVISTA PORTUGUESA E BRASILEIRA DE GEST�O (RIO DE JANEIRO)	B5
2236-9473	REVISTA P�S-CIENCIAS SOCIAIS	B4
1983-4527	REVISTA P�S-CI�NCIAS SOCIAIS	B4
2526-2149	REVISTA PR�TICA DOCENTE	B5
2447-1534	REVISTA PRESEN�A	B5
2357-7622	REVISTA PR�-UNIVESP	C 
2237-2423	REVISTA PRIMEIROS ESTUDOS	C 
2175-0521	REVISTA PSICOLOGIA & COMUNIDADE	C 
1519-549X	REVISTA PSICOLOGIA POL�TICA (IMPRESSO)	B4
2447-7982	REVISTA PUBLICUM	C 
1516-0351	REVISTA QUAESTIO IURIS	B4
1809-3264	REVISTA QUERUBIM	B5
2237-339X	REVISTA REBELA	B4
1666-7883	REVISTA SAAP	B1
2446-8827	REVISTA SAPIENTIA	C 
1679-2548	REVISTA SAPIENTIA	C 
2179-0582	REVISTA S�CULO XXI	B4
2238-359X	REVISTA SEM ASPAS	B5
2177-0794	REVISTA SETE FACES	C 
2177-0794	REVISTA SETE FACES	C 
1983-0378	REVISTA SIGNOS - CENTRO UNIVERSIT�RIO UNIVATES	B5
1414-4425	REVISTA SOBECC (S�O PAULO)	B5
0718-9990	REVISTA SOCIEDAD Y EQUIDAD	B5
1809-2721	REVISTA SOCIOLOGIA JUR�DICA	B5
2317-5338	REVISTA SUL-AMERICANA DE CI�NCIA POL�TICA	B2
0328-7726	REVISTA TALLER (SEGUNDA �POCA) REVISTA DE SOCIEDAD, CULTURA Y POL�TICA EN AM�RICA LATINA	B5
1981-3724	REVISTA TEMPO DE CONQUISTA	C 
2176-7025	REVISTA TEMPO NO MUNDO	C 
2177-2894	REVISTA THEMA	B4
1852-7175	REVISTA TRANSPORTE Y TERRITORIO	B4
2179-7528	REVISTA TRANSVERSOS	B4
1808-169X	REVISTA TR�S [...] PONTOS (UFMG)	B5
1518-2711	REVISTA TRIBUT�RIA E DE FINAN�AS P�BLICAS	B5
2237-0153	REVISTA TRILHAS PEDAG�GICAS	C 
1677-9037	REVISTA UFG (IMPRESSO)	C 
2357-9870	REVISTA UNINTER DE COMUNICA��O	B4
1982-0720	REVISTA UNIVERSITAS: RELA��ES INTERNACIONAIS	B4
0103-9989	REVISTA USP	C 
2177-7837	REVISTA VIDERE (ON LINE)	B3
2238-1627	REVISTA VITAS: VISOES TRANSDISCIPLINARES SOBRE AMBIENTE E SOCIEDADE	C 
1853-8819	REVISTA VOCES EN EL FENIX	C 
2236-9422	REVISTA WOLFIUS	C 
1807-6211	REVISTALEPH	B5
2449-6413	R/EVOLUTIONS: GLOBAL TRENDS & REGIONAL ISSUES	B4
0225-5189	REVUE CANADIENNE D'�TUDES DU D�VELOPPEMENT	A1
0035-2950	REVUE FRAN�AISE DE SCIENCE POLITIQUE	A2
1958-7856	REVUE SAVOIR/AGIR	C 
2314-1204	REY DESNUDO - REVISTA DE LIBROS	B5
1676-9783	RIMAR	B5
1577-239X	RIPS. REVISTA DE INVESTIGACINES POL�TICAS Y SOCIOL�GICAS	B2
2014-7430	RODA DA FORTUNA. REVISTA ELETR�NICA HISPANO-BRASILEIRA SOBRE ANTIGUIDADE E MEDIEVO. ELECTRONIC JOURNAL ABOUT ANTIQUITY AND MIDDLE AGES.	B4
0104-4311	ROTEIRO (UNOESC)	B5
2317-921X	RP 3 - REVISTA DE PESQUISAS EM POL�TICAS P�BLICAS	B3
1415-4722	RUMOS (RIO DE JANEIRO)	C 
1471-3330	RUSI NEWSBRIEF	B5
2317-6725	SAECULUM: REVISTA DE HIST�RIA	B4
2158-2440	SAGE OPEN	B1
1983-6023	SANKOFA (S�O PAULO)	B5
2177-6342	SAPERE AUDE: REVISTA DE FILOSOFIA	B4
1984-0470	SA�DE E SOCIEDADE (ONLINE)	A1
0104-1290	SA�DE E SOCIEDADE (USP. IMPRESSO)	A1
0103-1104	SAUDE EM DEBATE	B1
0036-8075	SCIENCE (NEW YORK, N.Y.)	A1
2179-8095	S�CULO XXI - REVISTA DE CI�NCIAS SOCIAIS	B4
2236-6725	S�CULO XXI - REVISTA DE CI�NCIAS SOCIAIS	B4
2179-0582	S�CULO XXI : REVISTA DE RELA��ES INTERNACIONAIS / ESCOLA SUPERIOR DE PROPAGANDA E MARKETING DO RIO GRANDE DO SUL.	B4
1533-2535	SECURITY AND DEFENSE STUDIES REVIEW	B2
2236-6717	SEMANA ACAD�MICA: REVISTA CIENT�FICA	C 
1676-5443	SEMINA. CI�NCIAS SOCIAIS E HUMANAS (IMPRESSO) (CESSOU EM 2001)	B4
1679-0383	SEMINA. CI�NCIAS SOCIAIS E HUMANAS (ONLINE)	B4
2177-7055	SEQUENCIA	B1
0101-9562	SEQU�NCIA (UFSC)	B1
1415-6946	SER SOCIAL (UNB)	B5
1679-4842	SERVI�O SOCIAL EM REVISTA	B4
1984-6487	SEXUALIDAD, SALUD Y SOCIEDAD (RIO DE JANEIRO)	B1
0175-274X	SICHERHEIT UND FRIEDEN	B3
2316-1620	SIMBI�TICA. REVISTA ELETR�NICA	B5
2316-1620	SIMBI�TICA. REVISTA ELETR�NICA	B5
1809-9815	SINAIS SOCIAIS	B4
0210-0223	SISTEMA (MADRID)	B5
2177-6784	SISTEMA PENAL & VIOL�NCIA (ONLINE)	B4
2177-6784	SISTEMA PENAL & VIOL�NCIA REVISTA ELETR�NICA DA FACULDADE DE DIREITO PROGRAMA DE P�S-GRADUA��O EM CI�NCIAS CRIMINAIS	B4
1666-0048	SISTEMAS JUDICIALES	C 
2151-481X	SMART GRID AND RENEWABLE ENERGY	B5
0037-7732	SOCIAL FORCES	A1
0303-8300	SOCIAL INDICATORS RESEARCH	A1
0885-4300	SOCIALISM AND DEMOCRACY	B1
0081-0606	SOCIALIST REGISTER	B3
0326-9795	SOCIEDAD Y RELIGI�N	B3
1415-8566	SOCIEDADE E CULTURA (IMPRESSO)	B1
1980-8194	SOCIEDADE E CULTURA (ONLINE)	B1
0102-6992	SOCIEDADE E ESTADO (UNB. IMPRESSO)	B1
1953-8375	SOCI�T�S ET JEUNESSES EN DIFFICULT�	B4
2236-7527	SOCIOLOGIA E ANTROPOLOGIA	B3
0873-6529	SOCIOLOGIA (LISBOA)	A2
0872-3419	SOCIOLOGIA (PORTO)	B3
2316-9249	SOCIOLOGIAS PLURAIS	B5
2316-9249	SOCIOLOGIAS PLURAIS: REVISTA DISCENTE DO PROGRAMA DE P�S-GRADUA��O EM SOCIOLOGIA	B5
1807-0337	SOCIOLOGIAS (UFRGS)	B1
1517-4522	SOCIOLOGIAS (UFRGS. IMPRESSO)	B1
2447-2670	SOCIOLOGIES IN DIALOGUE	B4
1988-0847	SORTUZ: O�ATI JOURNAL OF EMERGENT SOCIO-LEGAL STUDIES	B5
1938-0275	SOUTH AFRICAN JOURNAL OF INTERNATIONAL AFFAIRS	A2
1022-0461	SOUTH AFRICAN JOURNAL OF INTERNATIONAL AFFAIRS	A2
0948-423X	SOZIALE SYSTEME	B5
2380-131X	SPACE AND DEFENSE JOURNAL	B5
1556-5068	SSRN ELECTRONIC JOURNALS: THE ENGLISH & COMMONWEALTH LAW ABSTRACTS JOURNAL	B4
2165-2627	STABILITY - INTERNATIONAL JOURNAL OF SECURITY & DEVELOPMENT	B1
1874-7655	STATISTICAL JOURNAL OF THE IAOS	B1
1512-8679	STATUS - MAGAZIN ZA POLITI�KU KULTURU I DRU�TVENA PITANJA	B4
1220-0506	STUDIA UNIVERSITATIS BABES-BOLYAI. OECONOMICA	B3
1057-610X	STUDIES IN CONFLICT AND TERRORISM	A2
0707-8552	STUDIES IN POLITICAL ECONOMY	A2
2295-0710	SUR LE JOURNALISME, ABOUT JOURNALISM, SOBRE JORNALISMO	B5
1983-3342	SUR. REVISTA INTERNACIONAL DE DIREITOS HUMANOS	B1
1806-6445	SUR. REVISTA INTERNACIONAL DE DIREITOS HUMANOS (IMPRESSO)	B1
2177-7675	SUSTENTABILIDADE EM DEBATE	B5
2175-4853	SYSTEMAS: REVISTA DE CI�NCIAS JUR�DICAS E ECON�MICAS	B5
1815-7238	TAIWAN JOURNAL OF DEMOCRACY	B5
1666-0714	TD. TEMAS Y DEBATES (ROSARIO)	B3
1678-3697	TD. TEORIA E DEBATE	C 
0160-791X	TECHNOLOGY IN SOCIETY	A2
1982-4637	TEMAS DE ADMINISTRA��O P�BLICA (UNESP. ARARAQUARA)	B4
1807-8931	TEM�TICA	B5
1413-2486	TEM�TICAS (UNICAMP)	C 
1981-4798	TEMPO DA CI�NCIA	C 
1414-3089	TEMPO DA CI�NCIA (UNIOESTE)	C 
1809-4554	TEMPO SOCIAL (ONLINE)	B1
0103-2070	TEMPO SOCIAL (USP. IMPRESSO)	B1
1982-8829	TEMPUS ACTAS DE SA�DE COLETIVA	B3
1983-5744	TENS�ES MUNDIAIS / WORLD TENSIONS	B3
1809-3124	TENS�ES MUNDIAIS (IMPRESSO)	B3
0104-0103	TEORIA & PESQUISA	B2
2236-0107	TEORIA & PESQUISA (ON LINE)	B2
1518-4471	TEORIA & SOCIEDADE (UFMG)	B1
1984-9036	TERRIT�RIOS E FRONTEIRAS (ONLINE)	B3
2318-9576	TESSITURAS: REVISTA DE ANTROPOLOGIA E ARQUEOLOGIA	B4
2446-7502	TEXTO PARA DISCUSS�O	C 
0103-9466	TEXTO PARA DISCUSS�O (CAMPINAS)	C 
1415-4765	TEXTO PARA DISCUSS�O (IPEA)	B3
1415-4765	TEXTO PARA DISCUSS�O (IPEA. BRAS�LIA)	B3
0103-6017	TEXTOS DE ECONOMIA	B5
2317-1448	TEXTOS E DEBATES - REVISTA DE FILOSOFIA E CI�NCIAS HUMANAS DA UNIVERSIDADE FEDERAL DE RORAIMA	B4
1984-5588	TEXTOS PARA DISCUSS�O FEE	C 
2525-4405	TEXTOS PARA DISCUSS�O (NEEDDS)	C 
1889-2515	TEXTUAL & VISUAL MEDIA	C 
1809-7812	TEXTURA (CRUZ DAS ALMAS)	B5
2340-9592	THE AGE OF HUMAN RIGHTS JOURNAL	B3
0003-0554	THE AMERICAN POLITICAL SCIENCE REVIEW	A1
1097-1475	THE CHINESE ECONOMY	A2
1871-191X	THE HAGUE JOURNAL OF DIPLOMACY	A1
1871-1901	THE HAGUE JOURNAL OF DIPLOMACY	A1
0885-0607	THE INTERNATIONAL JOURNAL OF INTELLIGENCE AND COUNTER INTELLIGENCE	A1
1940-1612	THE INTERNATIONAL JOURNAL OF PRESS/POLITICS	A1
0021-9118	THE JOURNAL OF ASIAN STUDIES	A2
0022-0027	THE JOURNAL OF CONFLICT RESOLUTION	A1
1471-6372	THE JOURNAL OF ECONOMIC HISTORY (ONLINE)	A1
0022-3816	THE JOURNAL OF POLITICS	A1
2154-896X	THE POLAR JOURNAL	B2
2305-8927	THE QUARTERLY OF LATIN AMERICAN ECONOMY AND TRADE	C 
1062-9769	THE QUARTERLY REVIEW OF ECONOMICS AND FINANCE	A2
1541-132X	THE REVIEW OF POLICY RESEARCH	A1
1564-6971	THE WORLD BANK RESEARCH OBSERVER (ONLINE)	A1
1565-1509	THEORETICAL INQUIRIES IN LAW	B1
1092-311X	THEORY & EVENT	B4
0143-6597	THIRD WORLD QUARTERLY (PRINT)	A1
1990-7451	T'INKAZOS	B1
2182-5718	TL NETWORK E-WORKING PAPERS	C 
1517-4549	TOMO (UFS)	B3
2237-101X	TOPOI (ONLINE): REVISTA DE HISTORIA	B1
2182-8466	TOURISM & MANAGEMENT STUDIES	B1
0103-5576	TRAVESSIA (SAO PAULO)	C 
2358-212X	TROPOS: COMUNICA��O, SOCIEDADE E CULTURA	B5
2317-1308	UNISANTA LAW AND SOCIAL SCIENCE	C 
2177-5303	UNISUL DE FATO E DE DIREITO	C 
1807-2135	UNIVERSITAS. RELA��ES INTERNACIONAIS (IMPRESSO)	B4
1982-0569	URBANA - REVISTA ELETR�NICA DO CENTRO INTERDISCIPLINAR DE ESTUDOS DA CIDADE	B5
2175-3369	URBE. REVISTA BRASILEIRA DE GEST�O URBANA	B1
0957-1787	UTILITIES POLICY	A2
0104-8775	VARIA HIST�RIA (UFMG. IMPRESSO)	B1
1806-3845	VEREDAS DO DIREITO (BELO HORIZONTE)	B4
1806-6925	VERSO E REVERSO (UNISINOS. ONLINE)	B5
2035-6633	VISIONI LATINOAMERICANE	B3
2238-6009	VIV�NCIA: REVISTA DE ANTROPOLOGIA	B5
2222-0763	VOICES. THEOLOGICAL JOURNAL OF EATWOT, ECUMENICAL ASSOCIATION OF THIRD WORLD THEOLOGIANS	C 
2238-6424	VOZES DOS VALES	B5
2238-6424	VOZES DOS VALES	B5
1757-7799	WILEY INTERDISCIPLINARY REVIEWS: CLIMATE CHANGE	A1
2182-8938	WORKERS OF THE WORLD. INTERNATIONAL JOURNAL ON STRIKES AND SOCIAL CONFLICTS	B5
1812-108X	WORKING PAPER	B5
0971-8052	WORLD AFFAIRS	C 
0305-750X	WORLD DEVELOPMENT	A1
1935-6226	WORLD POLITICAL SCIENCE REVIEW	A2
2042-891X	WORLD REVIEW OF POLITICAL ECONOMY	B2
1474-7456	WORLD TRADE REVIEW (CAMBRIDGE)	A2
1109-2777	WSEAS TRANSACTIONS ON SYSTEMS	C 
2449-8726	WSP�?PRACA EUROPEJSKA	B5
1390-938X	YURA RELACIONES INTERNACIONALES	B5
1869-3016	ZEITSCHRIFT F�R POLITISCHE THEORIE	B5
2317-9953	1� AN�LISE - SEADE	C 
1988-2963	1611 - REVISTA DE HISTORIA DE LA TRADUCCI�N	B5
